dataset,mde,iters,solver,pose_mAA_10,mean_mde_runtime,mean_inliers
standard_benchmark,DepthAnythingV2-vitb,10,calib,53.28,78.62,61.63
standard_benchmark,DepthAnythingV2-vitb,10,calib_ro,40.36,78.62,57.41
standard_benchmark,DepthAnythingV2-vitb,10,calib_shift,69.61,78.62,66.96
standard_benchmark,DepthAnythingV2-vitb,10,calib_shift_ro,53.21,78.62,64.78
standard_benchmark,DepthAnythingV2-vitb,10,sf,39.78,78.62,56.75
standard_benchmark,DepthAnythingV2-vitb,10,sf_ro,31.28,78.62,63.46
standard_benchmark,DepthAnythingV2-vitb,10,sf_shift,31.15,78.62,39.37
standard_benchmark,DepthAnythingV2-vitb,10,sf_shift_ro,30.21,78.62,51.88
standard_benchmark,DepthAnythingV2-vitb,100,calib,59.97,78.62,67.67
standard_benchmark,DepthAnythingV2-vitb,100,calib_ro,41.07,78.62,58.49
standard_benchmark,DepthAnythingV2-vitb,100,calib_shift,76.54,78.62,71.85
standard_benchmark,DepthAnythingV2-vitb,100,calib_shift_ro,55.33,78.62,67.14
standard_benchmark,DepthAnythingV2-vitb,100,sf,45.98,78.62,65.63
standard_benchmark,DepthAnythingV2-vitb,100,sf_ro,32.9,78.62,68.13
standard_benchmark,DepthAnythingV2-vitb,100,sf_shift,45.83,78.62,58.91
standard_benchmark,DepthAnythingV2-vitb,100,sf_shift_ro,36.51,78.62,66.18
standard_benchmark,DepthAnythingV2-vitb,500,calib,63.22,78.62,70.44
standard_benchmark,DepthAnythingV2-vitb,500,calib_ro,41.26,78.62,58.59
standard_benchmark,DepthAnythingV2-vitb,500,calib_shift,78.19,78.62,72.76
standard_benchmark,DepthAnythingV2-vitb,500,calib_shift_ro,55.6,78.62,67.46
standard_benchmark,DepthAnythingV2-vitb,500,sf,48.16,78.62,68.38
standard_benchmark,DepthAnythingV2-vitb,500,sf_ro,33.13,78.62,68.77
standard_benchmark,DepthAnythingV2-vitb,500,sf_shift,52.61,78.62,65.52
standard_benchmark,DepthAnythingV2-vitb,500,sf_shift_ro,38.69,78.62,69.1
standard_benchmark,DepthAnythingV2-vitb,1000,calib,64.39,78.62,71.38
standard_benchmark,DepthAnythingV2-vitb,1000,calib_ro,41.37,78.62,58.6
standard_benchmark,DepthAnythingV2-vitb,1000,calib_shift,78.65,78.62,72.98
standard_benchmark,DepthAnythingV2-vitb,1000,calib_shift_ro,55.65,78.62,67.53
standard_benchmark,DepthAnythingV2-vitb,1000,sf,48.91,78.62,69.25
standard_benchmark,DepthAnythingV2-vitb,1000,sf_ro,33.18,78.62,68.91
standard_benchmark,DepthAnythingV2-vitb,1000,sf_shift,55.1,78.62,67.36
standard_benchmark,DepthAnythingV2-vitb,1000,sf_shift_ro,39.35,78.62,69.85
standard_benchmark,DepthAnythingV2-vitl,10,calib,41.81,162.95,32.48
standard_benchmark,DepthAnythingV2-vitl,10,calib_ro,40.16,162.95,56.62
standard_benchmark,DepthAnythingV2-vitl,10,calib_shift,62.35,162.95,55.39
standard_benchmark,DepthAnythingV2-vitl,10,calib_shift_ro,51.79,162.95,64.63
standard_benchmark,DepthAnythingV2-vitl,10,sf,38.83,162.95,55.63
standard_benchmark,DepthAnythingV2-vitl,10,sf_ro,30.88,162.95,62.28
standard_benchmark,DepthAnythingV2-vitl,10,sf_shift,30.32,162.95,38.89
standard_benchmark,DepthAnythingV2-vitl,10,sf_shift_ro,28.92,162.95,51.15
standard_benchmark,DepthAnythingV2-vitl,100,calib,45.7,162.95,39.66
standard_benchmark,DepthAnythingV2-vitl,100,calib_ro,40.76,162.95,57.7
standard_benchmark,DepthAnythingV2-vitl,100,calib_shift,70.95,162.95,64.11
standard_benchmark,DepthAnythingV2-vitl,100,calib_shift_ro,54.04,162.95,66.92
standard_benchmark,DepthAnythingV2-vitl,100,sf,44.8,162.95,64.72
standard_benchmark,DepthAnythingV2-vitl,100,sf_ro,32.67,162.95,67.2
standard_benchmark,DepthAnythingV2-vitl,100,sf_shift,44.92,162.95,58.6
standard_benchmark,DepthAnythingV2-vitl,100,sf_shift_ro,35.6,162.95,65.84
standard_benchmark,DepthAnythingV2-vitl,500,calib,47.97,162.95,44.1
standard_benchmark,DepthAnythingV2-vitl,500,calib_ro,40.91,162.95,57.83
standard_benchmark,DepthAnythingV2-vitl,500,calib_shift,73.86,162.95,67.29
standard_benchmark,DepthAnythingV2-vitl,500,calib_shift_ro,54.38,162.95,67.24
standard_benchmark,DepthAnythingV2-vitl,500,sf,47.12,162.95,67.62
standard_benchmark,DepthAnythingV2-vitl,500,sf_ro,32.81,162.95,67.95
standard_benchmark,DepthAnythingV2-vitl,500,sf_shift,51.82,162.95,65.35
standard_benchmark,DepthAnythingV2-vitl,500,sf_shift_ro,37.97,162.95,68.88
standard_benchmark,DepthAnythingV2-vitl,1000,calib,48.97,162.95,45.97
standard_benchmark,DepthAnythingV2-vitl,1000,calib_ro,40.94,162.95,57.84
standard_benchmark,DepthAnythingV2-vitl,1000,calib_shift,74.83,162.95,68.37
standard_benchmark,DepthAnythingV2-vitl,1000,calib_shift_ro,54.39,162.95,67.28
standard_benchmark,DepthAnythingV2-vitl,1000,sf,47.9,162.95,68.58
standard_benchmark,DepthAnythingV2-vitl,1000,sf_ro,32.84,162.95,68.14
standard_benchmark,DepthAnythingV2-vitl,1000,sf_shift,54.28,162.95,67.24
standard_benchmark,DepthAnythingV2-vitl,1000,sf_shift_ro,38.54,162.95,69.64
standard_benchmark,DepthAnythingV2-vits,10,calib,52.92,50.66,61.51
standard_benchmark,DepthAnythingV2-vits,10,calib_ro,40.04,50.66,56.81
standard_benchmark,DepthAnythingV2-vits,10,calib_shift,68.69,50.66,66.34
standard_benchmark,DepthAnythingV2-vits,10,calib_shift_ro,51.71,50.66,63.78
standard_benchmark,DepthAnythingV2-vits,10,sf,39.52,50.66,56.56
standard_benchmark,DepthAnythingV2-vits,10,sf_ro,30.72,50.66,63.06
standard_benchmark,DepthAnythingV2-vits,10,sf_shift,30.97,50.66,39.42
standard_benchmark,DepthAnythingV2-vits,10,sf_shift_ro,29.37,50.66,51.52
standard_benchmark,DepthAnythingV2-vits,100,calib,60.04,50.66,67.8
standard_benchmark,DepthAnythingV2-vits,100,calib_ro,40.85,50.66,57.84
standard_benchmark,DepthAnythingV2-vits,100,calib_shift,76.32,50.66,71.69
standard_benchmark,DepthAnythingV2-vits,100,calib_shift_ro,53.96,50.66,66.13
standard_benchmark,DepthAnythingV2-vits,100,sf,45.62,50.66,65.71
standard_benchmark,DepthAnythingV2-vits,100,sf_ro,32.55,50.66,67.6
standard_benchmark,DepthAnythingV2-vits,100,sf_shift,45.38,50.66,58.78
standard_benchmark,DepthAnythingV2-vits,100,sf_shift_ro,35.65,50.66,65.54
standard_benchmark,DepthAnythingV2-vits,500,calib,63.53,50.66,70.62
standard_benchmark,DepthAnythingV2-vits,500,calib_ro,41.02,50.66,57.97
standard_benchmark,DepthAnythingV2-vits,500,calib_shift,78.32,50.66,72.69
standard_benchmark,DepthAnythingV2-vits,500,calib_shift_ro,54.42,50.66,66.44
standard_benchmark,DepthAnythingV2-vits,500,sf,47.95,50.66,68.51
standard_benchmark,DepthAnythingV2-vits,500,sf_ro,32.67,50.66,68.24
standard_benchmark,DepthAnythingV2-vits,500,sf_shift,52.66,50.66,65.4
standard_benchmark,DepthAnythingV2-vits,500,sf_shift_ro,37.85,50.66,68.38
standard_benchmark,DepthAnythingV2-vits,1000,calib,64.62,50.66,71.51
standard_benchmark,DepthAnythingV2-vits,1000,calib_ro,41.09,50.66,57.97
standard_benchmark,DepthAnythingV2-vits,1000,calib_shift,78.81,50.66,72.91
standard_benchmark,DepthAnythingV2-vits,1000,calib_shift_ro,54.48,50.66,66.51
standard_benchmark,DepthAnythingV2-vits,1000,sf,48.9,50.66,69.39
standard_benchmark,DepthAnythingV2-vits,1000,sf_ro,32.72,50.66,68.37
standard_benchmark,DepthAnythingV2-vits,1000,sf_shift,55.07,50.66,67.32
standard_benchmark,DepthAnythingV2-vits,1000,sf_shift_ro,38.39,50.66,69.1
standard_benchmark,DepthAnythingV3-DA3METRIC-LARGE,10,calib,77.55,60.25,70.28
standard_benchmark,DepthAnythingV3-DA3METRIC-LARGE,10,calib_ro,68.42,60.25,69.31
standard_benchmark,DepthAnythingV3-DA3METRIC-LARGE,10,calib_shift,74.18,60.25,67.75
standard_benchmark,DepthAnythingV3-DA3METRIC-LARGE,10,calib_shift_ro,64.5,60.25,69.41
standard_benchmark,DepthAnythingV3-DA3METRIC-LARGE,10,sf,67.27,60.25,68.2
standard_benchmark,DepthAnythingV3-DA3METRIC-LARGE,10,sf_ro,59.17,60.25,75.05
standard_benchmark,DepthAnythingV3-DA3METRIC-LARGE,10,sf_shift,34.15,60.25,39.35
standard_benchmark,DepthAnythingV3-DA3METRIC-LARGE,10,sf_shift_ro,37.04,60.25,52.76
standard_benchmark,DepthAnythingV3-DA3METRIC-LARGE,100,calib,80.88,60.25,72.67
standard_benchmark,DepthAnythingV3-DA3METRIC-LARGE,100,calib_ro,69.34,60.25,69.9
standard_benchmark,DepthAnythingV3-DA3METRIC-LARGE,100,calib_shift,80.5,60.25,72.23
standard_benchmark,DepthAnythingV3-DA3METRIC-LARGE,100,calib_shift_ro,67.03,60.25,71.32
standard_benchmark,DepthAnythingV3-DA3METRIC-LARGE,100,sf,72.21,60.25,72.32
standard_benchmark,DepthAnythingV3-DA3METRIC-LARGE,100,sf_ro,60.89,60.25,76.61
standard_benchmark,DepthAnythingV3-DA3METRIC-LARGE,100,sf_shift,50.47,60.25,59.16
standard_benchmark,DepthAnythingV3-DA3METRIC-LARGE,100,sf_shift_ro,46.49,60.25,67.89
standard_benchmark,DepthAnythingV3-DA3METRIC-LARGE,500,calib,81.72,60.25,73.32
standard_benchmark,DepthAnythingV3-DA3METRIC-LARGE,500,calib_ro,69.52,60.25,69.96
standard_benchmark,DepthAnythingV3-DA3METRIC-LARGE,500,calib_shift,81.79,60.25,72.96
standard_benchmark,DepthAnythingV3-DA3METRIC-LARGE,500,calib_shift_ro,67.42,60.25,71.49
standard_benchmark,DepthAnythingV3-DA3METRIC-LARGE,500,sf,73.32,60.25,73.18
standard_benchmark,DepthAnythingV3-DA3METRIC-LARGE,500,sf_ro,61.04,60.25,76.77
standard_benchmark,DepthAnythingV3-DA3METRIC-LARGE,500,sf_shift,58.28,60.25,65.75
standard_benchmark,DepthAnythingV3-DA3METRIC-LARGE,500,sf_shift_ro,49.84,60.25,71.35
standard_benchmark,DepthAnythingV3-DA3METRIC-LARGE,1000,calib,81.94,60.25,73.5
standard_benchmark,DepthAnythingV3-DA3METRIC-LARGE,1000,calib_ro,69.53,60.25,69.96
standard_benchmark,DepthAnythingV3-DA3METRIC-LARGE,1000,calib_shift,82.17,60.25,73.14
standard_benchmark,DepthAnythingV3-DA3METRIC-LARGE,1000,calib_shift_ro,67.53,60.25,71.53
standard_benchmark,DepthAnythingV3-DA3METRIC-LARGE,1000,sf,73.66,60.25,73.41
standard_benchmark,DepthAnythingV3-DA3METRIC-LARGE,1000,sf_ro,61.03,60.25,76.8
standard_benchmark,DepthAnythingV3-DA3METRIC-LARGE,1000,sf_shift,60.86,60.25,67.64
standard_benchmark,DepthAnythingV3-DA3METRIC-LARGE,1000,sf_shift_ro,50.82,60.25,72.32
standard_benchmark,DepthAnythingV3-DA3MONO-LARGE,10,calib,68.46,59.58,67.63
standard_benchmark,DepthAnythingV3-DA3MONO-LARGE,10,calib_ro,56.76,59.58,64.66
standard_benchmark,DepthAnythingV3-DA3MONO-LARGE,10,calib_shift,74.6,59.58,68.23
standard_benchmark,DepthAnythingV3-DA3MONO-LARGE,10,calib_shift_ro,65.04,59.58,69.16
standard_benchmark,DepthAnythingV3-DA3MONO-LARGE,10,sf,56.82,59.58,65.7
standard_benchmark,DepthAnythingV3-DA3MONO-LARGE,10,sf_ro,47.54,59.58,71.53
standard_benchmark,DepthAnythingV3-DA3MONO-LARGE,10,sf_shift,34.67,59.58,40.14
standard_benchmark,DepthAnythingV3-DA3MONO-LARGE,10,sf_shift_ro,37.42,59.58,53.17
standard_benchmark,DepthAnythingV3-DA3MONO-LARGE,100,calib,73.42,59.58,71.4
standard_benchmark,DepthAnythingV3-DA3MONO-LARGE,100,calib_ro,57.81,59.58,65.35
standard_benchmark,DepthAnythingV3-DA3MONO-LARGE,100,calib_shift,80.46,59.58,72.24
standard_benchmark,DepthAnythingV3-DA3MONO-LARGE,100,calib_shift_ro,67.34,59.58,71.1
standard_benchmark,DepthAnythingV3-DA3MONO-LARGE,100,sf,62.44,59.58,71.05
standard_benchmark,DepthAnythingV3-DA3MONO-LARGE,100,sf_ro,49.19,59.58,73.64
standard_benchmark,DepthAnythingV3-DA3MONO-LARGE,100,sf_shift,51.1,59.58,59.59
standard_benchmark,DepthAnythingV3-DA3MONO-LARGE,100,sf_shift_ro,46.6,59.58,68.22
standard_benchmark,DepthAnythingV3-DA3MONO-LARGE,500,calib,75.1,59.58,72.66
standard_benchmark,DepthAnythingV3-DA3MONO-LARGE,500,calib_ro,57.98,59.58,65.42
standard_benchmark,DepthAnythingV3-DA3MONO-LARGE,500,calib_shift,82.0,59.58,72.97
standard_benchmark,DepthAnythingV3-DA3MONO-LARGE,500,calib_shift_ro,67.66,59.58,71.28
standard_benchmark,DepthAnythingV3-DA3MONO-LARGE,500,sf,63.95,59.58,72.28
standard_benchmark,DepthAnythingV3-DA3MONO-LARGE,500,sf_ro,49.34,59.58,73.86
standard_benchmark,DepthAnythingV3-DA3MONO-LARGE,500,sf_shift,58.61,59.58,66.12
standard_benchmark,DepthAnythingV3-DA3MONO-LARGE,500,sf_shift_ro,49.47,59.58,71.53
standard_benchmark,DepthAnythingV3-DA3MONO-LARGE,1000,calib,75.54,59.58,73.0
standard_benchmark,DepthAnythingV3-DA3MONO-LARGE,1000,calib_ro,58.05,59.58,65.44
standard_benchmark,DepthAnythingV3-DA3MONO-LARGE,1000,calib_shift,82.35,59.58,73.15
standard_benchmark,DepthAnythingV3-DA3MONO-LARGE,1000,calib_shift_ro,67.71,59.58,71.31
standard_benchmark,DepthAnythingV3-DA3MONO-LARGE,1000,sf,64.33,59.58,72.65
standard_benchmark,DepthAnythingV3-DA3MONO-LARGE,1000,sf_ro,49.34,59.58,73.89
standard_benchmark,DepthAnythingV3-DA3MONO-LARGE,1000,sf_shift,61.04,59.58,67.92
standard_benchmark,DepthAnythingV3-DA3MONO-LARGE,1000,sf_shift_ro,50.46,59.58,72.38
standard_benchmark,DepthAnythingV3Calib-DA3METRIC-LARGE,10,calib,77.56,56.23,70.28
standard_benchmark,DepthAnythingV3Calib-DA3METRIC-LARGE,10,calib_ro,68.42,56.23,69.31
standard_benchmark,DepthAnythingV3Calib-DA3METRIC-LARGE,10,calib_shift,74.19,56.23,67.75
standard_benchmark,DepthAnythingV3Calib-DA3METRIC-LARGE,10,calib_shift_ro,64.52,56.23,69.41
standard_benchmark,DepthAnythingV3Calib-DA3METRIC-LARGE,100,calib,80.88,56.23,72.67
standard_benchmark,DepthAnythingV3Calib-DA3METRIC-LARGE,100,calib_ro,69.34,56.23,69.9
standard_benchmark,DepthAnythingV3Calib-DA3METRIC-LARGE,100,calib_shift,80.51,56.23,72.22
standard_benchmark,DepthAnythingV3Calib-DA3METRIC-LARGE,100,calib_shift_ro,67.03,56.23,71.32
standard_benchmark,DepthAnythingV3Calib-DA3METRIC-LARGE,500,calib,81.72,56.23,73.32
standard_benchmark,DepthAnythingV3Calib-DA3METRIC-LARGE,500,calib_ro,69.52,56.23,69.96
standard_benchmark,DepthAnythingV3Calib-DA3METRIC-LARGE,500,calib_shift,81.8,56.23,72.96
standard_benchmark,DepthAnythingV3Calib-DA3METRIC-LARGE,500,calib_shift_ro,67.42,56.23,71.5
standard_benchmark,DepthAnythingV3Calib-DA3METRIC-LARGE,1000,calib,81.94,56.23,73.5
standard_benchmark,DepthAnythingV3Calib-DA3METRIC-LARGE,1000,calib_ro,69.53,56.23,69.96
standard_benchmark,DepthAnythingV3Calib-DA3METRIC-LARGE,1000,calib_shift,82.17,56.23,73.14
standard_benchmark,DepthAnythingV3Calib-DA3METRIC-LARGE,1000,calib_shift_ro,67.51,56.23,71.53
standard_benchmark,DepthAnythingV3Calib-DA3MONO-LARGE,10,calib,68.48,56.32,67.64
standard_benchmark,DepthAnythingV3Calib-DA3MONO-LARGE,10,calib_ro,56.75,56.32,64.66
standard_benchmark,DepthAnythingV3Calib-DA3MONO-LARGE,10,calib_shift,74.58,56.32,68.22
standard_benchmark,DepthAnythingV3Calib-DA3MONO-LARGE,10,calib_shift_ro,65.04,56.32,69.16
standard_benchmark,DepthAnythingV3Calib-DA3MONO-LARGE,100,calib,73.44,56.32,71.4
standard_benchmark,DepthAnythingV3Calib-DA3MONO-LARGE,100,calib_ro,57.8,56.32,65.35
standard_benchmark,DepthAnythingV3Calib-DA3MONO-LARGE,100,calib_shift,80.46,56.32,72.25
standard_benchmark,DepthAnythingV3Calib-DA3MONO-LARGE,100,calib_shift_ro,67.35,56.32,71.1
standard_benchmark,DepthAnythingV3Calib-DA3MONO-LARGE,500,calib,75.1,56.32,72.66
standard_benchmark,DepthAnythingV3Calib-DA3MONO-LARGE,500,calib_ro,57.98,56.32,65.42
standard_benchmark,DepthAnythingV3Calib-DA3MONO-LARGE,500,calib_shift,81.98,56.32,72.97
standard_benchmark,DepthAnythingV3Calib-DA3MONO-LARGE,500,calib_shift_ro,67.68,56.32,71.28
standard_benchmark,DepthAnythingV3Calib-DA3MONO-LARGE,1000,calib,75.54,56.32,73.0
standard_benchmark,DepthAnythingV3Calib-DA3MONO-LARGE,1000,calib_ro,58.05,56.32,65.44
standard_benchmark,DepthAnythingV3Calib-DA3MONO-LARGE,1000,calib_shift,82.34,56.32,73.15
standard_benchmark,DepthAnythingV3Calib-DA3MONO-LARGE,1000,calib_shift_ro,67.72,56.32,71.3
standard_benchmark,DepthPro-vitl,10,calib,77.07,110.11,70.32
standard_benchmark,DepthPro-vitl,10,calib_ro,67.6,110.11,68.65
standard_benchmark,DepthPro-vitl,10,calib_shift,74.04,110.11,67.82
standard_benchmark,DepthPro-vitl,10,calib_shift_ro,63.93,110.11,69.3
standard_benchmark,DepthPro-vitl,10,mdecalib,36.83,110.11,56.85
standard_benchmark,DepthPro-vitl,10,mdecalib_ro,33.74,110.11,60.26
standard_benchmark,DepthPro-vitl,10,mdecalib_shift,35.86,110.11,55.88
standard_benchmark,DepthPro-vitl,10,mdecalib_shift_ro,33.25,110.11,64.37
standard_benchmark,DepthPro-vitl,10,sf,65.97,110.11,67.73
standard_benchmark,DepthPro-vitl,10,sf_ro,57.56,110.11,74.63
standard_benchmark,DepthPro-vitl,10,sf_shift,34.78,110.11,39.62
standard_benchmark,DepthPro-vitl,10,sf_shift_ro,37.22,110.11,53.29
standard_benchmark,DepthPro-vitl,100,calib,80.36,110.11,72.77
standard_benchmark,DepthPro-vitl,100,calib_ro,68.63,110.11,69.22
standard_benchmark,DepthPro-vitl,100,calib_shift,79.94,110.11,72.16
standard_benchmark,DepthPro-vitl,100,calib_shift_ro,66.73,110.11,71.31
standard_benchmark,DepthPro-vitl,100,mdecalib,38.46,110.11,60.77
standard_benchmark,DepthPro-vitl,100,mdecalib_ro,34.08,110.11,61.13
standard_benchmark,DepthPro-vitl,100,mdecalib_shift,38.62,110.11,61.33
standard_benchmark,DepthPro-vitl,100,mdecalib_shift_ro,34.75,110.11,66.8
standard_benchmark,DepthPro-vitl,100,sf,70.93,110.11,72.13
standard_benchmark,DepthPro-vitl,100,sf_ro,59.52,110.11,76.57
standard_benchmark,DepthPro-vitl,100,sf_shift,51.21,110.11,59.21
standard_benchmark,DepthPro-vitl,100,sf_shift_ro,46.68,110.11,68.68
standard_benchmark,DepthPro-vitl,500,calib,81.22,110.11,73.36
standard_benchmark,DepthPro-vitl,500,calib_ro,68.8,110.11,69.3
standard_benchmark,DepthPro-vitl,500,calib_shift,81.45,110.11,72.92
standard_benchmark,DepthPro-vitl,500,calib_shift_ro,67.11,110.11,71.54
standard_benchmark,DepthPro-vitl,500,mdecalib,38.9,110.11,62.38
standard_benchmark,DepthPro-vitl,500,mdecalib_ro,34.18,110.11,61.25
standard_benchmark,DepthPro-vitl,500,mdecalib_shift,39.0,110.11,62.8
standard_benchmark,DepthPro-vitl,500,mdecalib_shift_ro,34.9,110.11,67.07
standard_benchmark,DepthPro-vitl,500,sf,72.3,110.11,73.08
standard_benchmark,DepthPro-vitl,500,sf_ro,59.75,110.11,76.76
standard_benchmark,DepthPro-vitl,500,sf_shift,59.07,110.11,65.93
standard_benchmark,DepthPro-vitl,500,sf_shift_ro,49.76,110.11,71.79
standard_benchmark,DepthPro-vitl,1000,calib,81.47,110.11,73.53
standard_benchmark,DepthPro-vitl,1000,calib_ro,68.84,110.11,69.3
standard_benchmark,DepthPro-vitl,1000,calib_shift,81.89,110.11,73.11
standard_benchmark,DepthPro-vitl,1000,calib_shift_ro,67.16,110.11,71.58
standard_benchmark,DepthPro-vitl,1000,mdecalib,39.0,110.11,62.96
standard_benchmark,DepthPro-vitl,1000,mdecalib_ro,34.2,110.11,61.26
standard_benchmark,DepthPro-vitl,1000,mdecalib_shift,39.2,110.11,63.25
standard_benchmark,DepthPro-vitl,1000,mdecalib_shift_ro,34.98,110.11,67.11
standard_benchmark,DepthPro-vitl,1000,sf,72.67,110.11,73.33
standard_benchmark,DepthPro-vitl,1000,sf_ro,59.76,110.11,76.8
standard_benchmark,DepthPro-vitl,1000,sf_shift,61.24,110.11,67.84
standard_benchmark,DepthPro-vitl,1000,sf_shift_ro,50.73,110.11,72.66
standard_benchmark,DepthProCalib-vitl,10,calib,77.09,110.08,70.35
standard_benchmark,DepthProCalib-vitl,10,calib_ro,67.64,110.08,68.64
standard_benchmark,DepthProCalib-vitl,10,calib_shift,74.08,110.08,67.91
standard_benchmark,DepthProCalib-vitl,10,calib_shift_ro,63.92,110.08,69.28
standard_benchmark,DepthProCalib-vitl,100,calib,80.39,110.08,72.77
standard_benchmark,DepthProCalib-vitl,100,calib_ro,68.64,110.08,69.24
standard_benchmark,DepthProCalib-vitl,100,calib_shift,80.04,110.08,72.18
standard_benchmark,DepthProCalib-vitl,100,calib_shift_ro,66.68,110.08,71.34
standard_benchmark,DepthProCalib-vitl,500,calib,81.26,110.08,73.35
standard_benchmark,DepthProCalib-vitl,500,calib_ro,68.8,110.08,69.3
standard_benchmark,DepthProCalib-vitl,500,calib_shift,81.54,110.08,72.94
standard_benchmark,DepthProCalib-vitl,500,calib_shift_ro,67.04,110.08,71.55
standard_benchmark,DepthProCalib-vitl,1000,calib,81.5,110.08,73.52
standard_benchmark,DepthProCalib-vitl,1000,calib_ro,68.82,110.08,69.3
standard_benchmark,DepthProCalib-vitl,1000,calib_shift,81.95,110.08,73.14
standard_benchmark,DepthProCalib-vitl,1000,calib_shift_ro,67.08,110.08,71.59
standard_benchmark,InfiniDepth-vitl,10,calib,46.26,587.32,56.4
standard_benchmark,InfiniDepth-vitl,10,calib_ro,34.24,587.32,50.01
standard_benchmark,InfiniDepth-vitl,10,calib_shift,62.78,587.32,62.74
standard_benchmark,InfiniDepth-vitl,10,calib_shift_ro,44.0,587.32,58.23
standard_benchmark,InfiniDepth-vitl,10,sf,30.79,587.32,47.11
standard_benchmark,InfiniDepth-vitl,10,sf_ro,23.46,587.32,52.26
standard_benchmark,InfiniDepth-vitl,10,sf_shift,26.49,587.32,34.36
standard_benchmark,InfiniDepth-vitl,10,sf_shift_ro,22.05,587.32,43.22
standard_benchmark,InfiniDepth-vitl,100,calib,54.39,587.32,64.56
standard_benchmark,InfiniDepth-vitl,100,calib_ro,35.22,587.32,51.67
standard_benchmark,InfiniDepth-vitl,100,calib_shift,73.74,587.32,70.93
standard_benchmark,InfiniDepth-vitl,100,calib_shift_ro,47.64,587.32,62.64
standard_benchmark,InfiniDepth-vitl,100,sf,37.99,587.32,60.15
standard_benchmark,InfiniDepth-vitl,100,sf_ro,26.23,587.32,60.65
standard_benchmark,InfiniDepth-vitl,100,sf_shift,38.88,587.32,53.68
standard_benchmark,InfiniDepth-vitl,100,sf_shift_ro,27.06,587.32,58.18
standard_benchmark,InfiniDepth-vitl,500,calib,58.98,587.32,68.4
standard_benchmark,InfiniDepth-vitl,500,calib_ro,35.51,587.32,51.9
standard_benchmark,InfiniDepth-vitl,500,calib_shift,76.64,587.32,72.45
standard_benchmark,InfiniDepth-vitl,500,calib_shift_ro,48.15,587.32,63.31
standard_benchmark,InfiniDepth-vitl,500,sf,41.02,587.32,64.62
standard_benchmark,InfiniDepth-vitl,500,sf_ro,26.53,587.32,62.12
standard_benchmark,InfiniDepth-vitl,500,sf_shift,45.79,587.32,60.91
standard_benchmark,InfiniDepth-vitl,500,sf_shift_ro,29.21,587.32,61.54
standard_benchmark,InfiniDepth-vitl,1000,calib,60.64,587.32,69.73
standard_benchmark,InfiniDepth-vitl,1000,calib_ro,35.53,587.32,51.92
standard_benchmark,InfiniDepth-vitl,1000,calib_shift,77.54,587.32,72.79
standard_benchmark,InfiniDepth-vitl,1000,calib_shift_ro,48.32,587.32,63.46
standard_benchmark,InfiniDepth-vitl,1000,sf,42.07,587.32,66.01
standard_benchmark,InfiniDepth-vitl,1000,sf_ro,26.63,587.32,62.5
standard_benchmark,InfiniDepth-vitl,1000,sf_shift,48.33,587.32,63.09
standard_benchmark,InfiniDepth-vitl,1000,sf_shift_ro,29.92,587.32,62.43
standard_benchmark,MapAnything-map-anything,10,calib,75.32,216.61,70.71
standard_benchmark,MapAnything-map-anything,10,calib_ro,66.99,216.61,66.07
standard_benchmark,MapAnything-map-anything,10,calib_shift,70.59,216.61,67.52
standard_benchmark,MapAnything-map-anything,10,calib_shift_ro,60.78,216.61,66.08
standard_benchmark,MapAnything-map-anything,10,mdecalib,49.57,216.61,63.96
standard_benchmark,MapAnything-map-anything,10,mdecalib_ro,45.44,216.61,62.95
standard_benchmark,MapAnything-map-anything,10,mdecalib_shift,46.42,216.61,62.0
standard_benchmark,MapAnything-map-anything,10,mdecalib_shift_ro,42.06,216.61,64.51
standard_benchmark,MapAnything-map-anything,10,sf,64.38,216.61,67.55
standard_benchmark,MapAnything-map-anything,10,sf_ro,57.31,216.61,71.69
standard_benchmark,MapAnything-map-anything,10,sf_shift,30.38,216.61,38.57
standard_benchmark,MapAnything-map-anything,10,sf_shift_ro,31.02,216.61,48.46
standard_benchmark,MapAnything-map-anything,100,calib,79.58,216.61,73.66
standard_benchmark,MapAnything-map-anything,100,calib_ro,68.54,216.61,66.9
standard_benchmark,MapAnything-map-anything,100,calib_shift,78.51,216.61,72.95
standard_benchmark,MapAnything-map-anything,100,calib_shift_ro,64.04,216.61,68.77
standard_benchmark,MapAnything-map-anything,100,mdecalib,52.58,216.61,67.57
standard_benchmark,MapAnything-map-anything,100,mdecalib_ro,46.46,216.61,63.91
standard_benchmark,MapAnything-map-anything,100,mdecalib_shift,51.5,216.61,67.57
standard_benchmark,MapAnything-map-anything,100,mdecalib_shift_ro,44.56,216.61,67.4
standard_benchmark,MapAnything-map-anything,100,sf,70.66,216.61,73.06
standard_benchmark,MapAnything-map-anything,100,sf_ro,60.34,216.61,74.5
standard_benchmark,MapAnything-map-anything,100,sf_shift,45.08,216.61,58.23
standard_benchmark,MapAnything-map-anything,100,sf_shift_ro,40.19,216.61,64.88
standard_benchmark,MapAnything-map-anything,500,calib,80.6,216.61,74.37
standard_benchmark,MapAnything-map-anything,500,calib_ro,68.75,216.61,67.0
standard_benchmark,MapAnything-map-anything,500,calib_shift,80.31,216.61,73.83
standard_benchmark,MapAnything-map-anything,500,calib_shift_ro,64.27,216.61,68.98
standard_benchmark,MapAnything-map-anything,500,mdecalib,53.35,216.61,68.78
standard_benchmark,MapAnything-map-anything,500,mdecalib_ro,46.58,216.61,64.02
standard_benchmark,MapAnything-map-anything,500,mdecalib_shift,52.71,216.61,68.78
standard_benchmark,MapAnything-map-anything,500,mdecalib_shift_ro,44.8,216.61,67.64
standard_benchmark,MapAnything-map-anything,500,sf,72.02,216.61,74.1
standard_benchmark,MapAnything-map-anything,500,sf_ro,60.61,216.61,74.78
standard_benchmark,MapAnything-map-anything,500,sf_shift,52.52,216.61,65.13
standard_benchmark,MapAnything-map-anything,500,sf_shift_ro,43.44,216.61,68.31
standard_benchmark,MapAnything-map-anything,1000,calib,80.87,216.61,74.56
standard_benchmark,MapAnything-map-anything,1000,calib_ro,68.79,216.61,67.0
standard_benchmark,MapAnything-map-anything,1000,calib_shift,80.87,216.61,74.05
standard_benchmark,MapAnything-map-anything,1000,calib_shift_ro,64.31,216.61,69.02
standard_benchmark,MapAnything-map-anything,1000,mdecalib,53.58,216.61,69.2
standard_benchmark,MapAnything-map-anything,1000,mdecalib_ro,46.6,216.61,64.03
standard_benchmark,MapAnything-map-anything,1000,mdecalib_shift,52.96,216.61,69.09
standard_benchmark,MapAnything-map-anything,1000,mdecalib_shift_ro,44.82,216.61,67.68
standard_benchmark,MapAnything-map-anything,1000,sf,72.49,216.61,74.36
standard_benchmark,MapAnything-map-anything,1000,sf_ro,60.6,216.61,74.83
standard_benchmark,MapAnything-map-anything,1000,sf_shift,54.96,216.61,67.1
standard_benchmark,MapAnything-map-anything,1000,sf_shift_ro,44.49,216.61,69.27
standard_benchmark,MapAnythingCalib-map-anything,10,calib,75.52,216.23,70.82
standard_benchmark,MapAnythingCalib-map-anything,10,calib_ro,67.69,216.23,66.05
standard_benchmark,MapAnythingCalib-map-anything,10,calib_shift,70.71,216.23,67.59
standard_benchmark,MapAnythingCalib-map-anything,10,calib_shift_ro,61.17,216.23,66.39
standard_benchmark,MapAnythingCalib-map-anything,100,calib,79.76,216.23,73.71
standard_benchmark,MapAnythingCalib-map-anything,100,calib_ro,69.09,216.23,66.88
standard_benchmark,MapAnythingCalib-map-anything,100,calib_shift,78.43,216.23,72.93
standard_benchmark,MapAnythingCalib-map-anything,100,calib_shift_ro,64.23,216.23,68.88
standard_benchmark,MapAnythingCalib-map-anything,500,calib,80.8,216.23,74.4
standard_benchmark,MapAnythingCalib-map-anything,500,calib_ro,69.33,216.23,66.95
standard_benchmark,MapAnythingCalib-map-anything,500,calib_shift,80.3,216.23,73.85
standard_benchmark,MapAnythingCalib-map-anything,500,calib_shift_ro,64.6,216.23,69.1
standard_benchmark,MapAnythingCalib-map-anything,1000,calib,80.96,216.23,74.57
standard_benchmark,MapAnythingCalib-map-anything,1000,calib_ro,69.38,216.23,66.96
standard_benchmark,MapAnythingCalib-map-anything,1000,calib_shift,80.69,216.23,74.05
standard_benchmark,MapAnythingCalib-map-anything,1000,calib_shift_ro,64.63,216.23,69.12
standard_benchmark,Metric3DV2-vit_giant2,10,calib,78.06,649.47,70.65
standard_benchmark,Metric3DV2-vit_giant2,10,calib_ro,69.56,649.47,68.67
standard_benchmark,Metric3DV2-vit_giant2,10,calib_shift,74.37,649.47,67.86
standard_benchmark,Metric3DV2-vit_giant2,10,calib_shift_ro,65.5,649.47,68.8
standard_benchmark,Metric3DV2-vit_giant2,10,sf,68.14,649.47,68.4
standard_benchmark,Metric3DV2-vit_giant2,10,sf_ro,60.49,649.47,75.0
standard_benchmark,Metric3DV2-vit_giant2,10,sf_shift,34.12,649.47,39.03
standard_benchmark,Metric3DV2-vit_giant2,10,sf_shift_ro,36.84,649.47,52.41
standard_benchmark,Metric3DV2-vit_giant2,100,calib,81.27,649.47,72.92
standard_benchmark,Metric3DV2-vit_giant2,100,calib_ro,70.57,649.47,69.18
standard_benchmark,Metric3DV2-vit_giant2,100,calib_shift,80.93,649.47,72.4
standard_benchmark,Metric3DV2-vit_giant2,100,calib_shift_ro,68.21,649.47,70.78
standard_benchmark,Metric3DV2-vit_giant2,100,sf,72.95,649.47,72.55
standard_benchmark,Metric3DV2-vit_giant2,100,sf_ro,62.18,649.47,76.65
standard_benchmark,Metric3DV2-vit_giant2,100,sf_shift,50.99,649.47,59.06
standard_benchmark,Metric3DV2-vit_giant2,100,sf_shift_ro,46.61,649.47,68.14
standard_benchmark,Metric3DV2-vit_giant2,500,calib,81.95,649.47,73.43
standard_benchmark,Metric3DV2-vit_giant2,500,calib_ro,70.79,649.47,69.2
standard_benchmark,Metric3DV2-vit_giant2,500,calib_shift,82.18,649.47,73.11
standard_benchmark,Metric3DV2-vit_giant2,500,calib_shift_ro,68.54,649.47,70.96
standard_benchmark,Metric3DV2-vit_giant2,500,sf,74.18,649.47,73.35
standard_benchmark,Metric3DV2-vit_giant2,500,sf_ro,62.38,649.47,76.81
standard_benchmark,Metric3DV2-vit_giant2,500,sf_shift,58.72,649.47,65.83
standard_benchmark,Metric3DV2-vit_giant2,500,sf_shift_ro,50.05,649.47,71.53
standard_benchmark,Metric3DV2-vit_giant2,1000,calib,82.14,649.47,73.59
standard_benchmark,Metric3DV2-vit_giant2,1000,calib_ro,70.84,649.47,69.2
standard_benchmark,Metric3DV2-vit_giant2,1000,calib_shift,82.46,649.47,73.27
standard_benchmark,Metric3DV2-vit_giant2,1000,calib_shift_ro,68.61,649.47,71.0
standard_benchmark,Metric3DV2-vit_giant2,1000,sf,74.55,649.47,73.54
standard_benchmark,Metric3DV2-vit_giant2,1000,sf_ro,62.41,649.47,76.84
standard_benchmark,Metric3DV2-vit_giant2,1000,sf_shift,61.1,649.47,67.76
standard_benchmark,Metric3DV2-vit_giant2,1000,sf_shift_ro,51.14,649.47,72.46
standard_benchmark,Metric3DV2-vit_large,10,calib,78.16,225.64,70.38
standard_benchmark,Metric3DV2-vit_large,10,calib_ro,70.03,225.64,69.16
standard_benchmark,Metric3DV2-vit_large,10,calib_shift,75.25,225.64,68.15
standard_benchmark,Metric3DV2-vit_large,10,calib_shift_ro,65.77,225.64,69.22
standard_benchmark,Metric3DV2-vit_large,10,sf,68.61,225.64,68.3
standard_benchmark,Metric3DV2-vit_large,10,sf_ro,61.4,225.64,75.19
standard_benchmark,Metric3DV2-vit_large,10,sf_shift,34.47,225.64,39.34
standard_benchmark,Metric3DV2-vit_large,10,sf_shift_ro,37.03,225.64,53.04
standard_benchmark,Metric3DV2-vit_large,100,calib,81.36,225.64,72.77
standard_benchmark,Metric3DV2-vit_large,100,calib_ro,71.08,225.64,69.72
standard_benchmark,Metric3DV2-vit_large,100,calib_shift,81.21,225.64,72.45
standard_benchmark,Metric3DV2-vit_large,100,calib_shift_ro,68.62,225.64,71.24
standard_benchmark,Metric3DV2-vit_large,100,sf,73.2,225.64,72.42
standard_benchmark,Metric3DV2-vit_large,100,sf_ro,63.3,225.64,76.94
standard_benchmark,Metric3DV2-vit_large,100,sf_shift,50.74,225.64,58.95
standard_benchmark,Metric3DV2-vit_large,100,sf_shift_ro,47.03,225.64,68.19
standard_benchmark,Metric3DV2-vit_large,500,calib,82.1,225.64,73.42
standard_benchmark,Metric3DV2-vit_large,500,calib_ro,71.25,225.64,69.77
standard_benchmark,Metric3DV2-vit_large,500,calib_shift,82.42,225.64,73.11
standard_benchmark,Metric3DV2-vit_large,500,calib_shift_ro,68.84,225.64,71.44
standard_benchmark,Metric3DV2-vit_large,500,sf,74.18,225.64,73.21
standard_benchmark,Metric3DV2-vit_large,500,sf_ro,63.51,225.64,77.09
standard_benchmark,Metric3DV2-vit_large,500,sf_shift,58.59,225.64,65.73
standard_benchmark,Metric3DV2-vit_large,500,sf_shift_ro,50.43,225.64,71.54
standard_benchmark,Metric3DV2-vit_large,1000,calib,82.28,225.64,73.58
standard_benchmark,Metric3DV2-vit_large,1000,calib_ro,71.29,225.64,69.78
standard_benchmark,Metric3DV2-vit_large,1000,calib_shift,82.71,225.64,73.28
standard_benchmark,Metric3DV2-vit_large,1000,calib_shift_ro,68.91,225.64,71.46
standard_benchmark,Metric3DV2-vit_large,1000,sf,74.45,225.64,73.45
standard_benchmark,Metric3DV2-vit_large,1000,sf_ro,63.5,225.64,77.12
standard_benchmark,Metric3DV2-vit_large,1000,sf_shift,61.18,225.64,67.72
standard_benchmark,Metric3DV2-vit_large,1000,sf_shift_ro,51.43,225.64,72.54
standard_benchmark,Metric3DV2-vit_small,10,calib,76.0,51.91,69.41
standard_benchmark,Metric3DV2-vit_small,10,calib_ro,65.58,51.91,65.08
standard_benchmark,Metric3DV2-vit_small,10,calib_shift,72.16,51.91,66.24
standard_benchmark,Metric3DV2-vit_small,10,calib_shift_ro,60.24,51.91,65.16
standard_benchmark,Metric3DV2-vit_small,10,sf,64.26,51.91,66.09
standard_benchmark,Metric3DV2-vit_small,10,sf_ro,55.43,51.91,71.69
standard_benchmark,Metric3DV2-vit_small,10,sf_shift,32.79,51.91,38.27
standard_benchmark,Metric3DV2-vit_small,10,sf_shift_ro,34.19,51.91,51.2
standard_benchmark,Metric3DV2-vit_small,100,calib,79.88,51.91,72.48
standard_benchmark,Metric3DV2-vit_small,100,calib_ro,67.02,51.91,65.77
standard_benchmark,Metric3DV2-vit_small,100,calib_shift,79.61,51.91,71.94
standard_benchmark,Metric3DV2-vit_small,100,calib_shift_ro,63.9,51.91,67.64
standard_benchmark,Metric3DV2-vit_small,100,sf,70.13,51.91,71.87
standard_benchmark,Metric3DV2-vit_small,100,sf_ro,57.97,51.91,73.99
standard_benchmark,Metric3DV2-vit_small,100,sf_shift,48.8,51.91,58.21
standard_benchmark,Metric3DV2-vit_small,100,sf_shift_ro,42.51,51.91,66.47
standard_benchmark,Metric3DV2-vit_small,500,calib,80.95,51.91,73.27
standard_benchmark,Metric3DV2-vit_small,500,calib_ro,67.39,51.91,65.82
standard_benchmark,Metric3DV2-vit_small,500,calib_shift,81.47,51.91,72.92
standard_benchmark,Metric3DV2-vit_small,500,calib_shift_ro,64.37,51.91,67.91
standard_benchmark,Metric3DV2-vit_small,500,sf,71.8,51.91,73.02
standard_benchmark,Metric3DV2-vit_small,500,sf_ro,58.26,51.91,74.2
standard_benchmark,Metric3DV2-vit_small,500,sf_shift,56.52,51.91,65.22
standard_benchmark,Metric3DV2-vit_small,500,sf_shift_ro,45.59,51.91,69.57
standard_benchmark,Metric3DV2-vit_small,1000,calib,81.24,51.91,73.48
standard_benchmark,Metric3DV2-vit_small,1000,calib_ro,67.43,51.91,65.82
standard_benchmark,Metric3DV2-vit_small,1000,calib_shift,81.92,51.91,73.12
standard_benchmark,Metric3DV2-vit_small,1000,calib_shift_ro,64.54,51.91,67.95
standard_benchmark,Metric3DV2-vit_small,1000,sf,72.2,51.91,73.34
standard_benchmark,Metric3DV2-vit_small,1000,sf_ro,58.3,51.91,74.26
standard_benchmark,Metric3DV2-vit_small,1000,sf_shift,59.21,51.91,67.25
standard_benchmark,Metric3DV2-vit_small,1000,sf_shift_ro,46.57,51.91,70.44
standard_benchmark,Metric3DV2Calib-vit_giant2,10,calib,78.02,648.66,70.65
standard_benchmark,Metric3DV2Calib-vit_giant2,10,calib_ro,69.55,648.66,68.67
standard_benchmark,Metric3DV2Calib-vit_giant2,10,calib_shift,74.33,648.66,67.82
standard_benchmark,Metric3DV2Calib-vit_giant2,10,calib_shift_ro,65.42,648.66,68.79
standard_benchmark,Metric3DV2Calib-vit_giant2,100,calib,81.25,648.66,72.92
standard_benchmark,Metric3DV2Calib-vit_giant2,100,calib_ro,70.59,648.66,69.18
standard_benchmark,Metric3DV2Calib-vit_giant2,100,calib_shift,80.93,648.66,72.39
standard_benchmark,Metric3DV2Calib-vit_giant2,100,calib_shift_ro,68.2,648.66,70.78
standard_benchmark,Metric3DV2Calib-vit_giant2,500,calib,81.94,648.66,73.43
standard_benchmark,Metric3DV2Calib-vit_giant2,500,calib_ro,70.81,648.66,69.2
standard_benchmark,Metric3DV2Calib-vit_giant2,500,calib_shift,82.19,648.66,73.1
standard_benchmark,Metric3DV2Calib-vit_giant2,500,calib_shift_ro,68.52,648.66,70.97
standard_benchmark,Metric3DV2Calib-vit_giant2,1000,calib,82.11,648.66,73.58
standard_benchmark,Metric3DV2Calib-vit_giant2,1000,calib_ro,70.87,648.66,69.2
standard_benchmark,Metric3DV2Calib-vit_giant2,1000,calib_shift,82.46,648.66,73.27
standard_benchmark,Metric3DV2Calib-vit_giant2,1000,calib_shift_ro,68.61,648.66,71.01
standard_benchmark,Metric3DV2Calib-vit_large,10,calib,78.14,228.81,70.38
standard_benchmark,Metric3DV2Calib-vit_large,10,calib_ro,70.05,228.81,69.17
standard_benchmark,Metric3DV2Calib-vit_large,10,calib_shift,75.19,228.81,68.13
standard_benchmark,Metric3DV2Calib-vit_large,10,calib_shift_ro,65.84,228.81,69.2
standard_benchmark,Metric3DV2Calib-vit_large,100,calib,81.4,228.81,72.8
standard_benchmark,Metric3DV2Calib-vit_large,100,calib_ro,71.1,228.81,69.72
standard_benchmark,Metric3DV2Calib-vit_large,100,calib_shift,81.25,228.81,72.45
standard_benchmark,Metric3DV2Calib-vit_large,100,calib_shift_ro,68.59,228.81,71.23
standard_benchmark,Metric3DV2Calib-vit_large,500,calib,82.13,228.81,73.44
standard_benchmark,Metric3DV2Calib-vit_large,500,calib_ro,71.3,228.81,69.77
standard_benchmark,Metric3DV2Calib-vit_large,500,calib_shift,82.42,228.81,73.11
standard_benchmark,Metric3DV2Calib-vit_large,500,calib_shift_ro,68.82,228.81,71.43
standard_benchmark,Metric3DV2Calib-vit_large,1000,calib,82.32,228.81,73.59
standard_benchmark,Metric3DV2Calib-vit_large,1000,calib_ro,71.34,228.81,69.78
standard_benchmark,Metric3DV2Calib-vit_large,1000,calib_shift,82.77,228.81,73.27
standard_benchmark,Metric3DV2Calib-vit_large,1000,calib_shift_ro,68.93,228.81,71.46
standard_benchmark,Metric3DV2Calib-vit_small,10,calib,75.98,49.57,69.38
standard_benchmark,Metric3DV2Calib-vit_small,10,calib_ro,65.64,49.57,65.09
standard_benchmark,Metric3DV2Calib-vit_small,10,calib_shift,72.18,49.57,66.23
standard_benchmark,Metric3DV2Calib-vit_small,10,calib_shift_ro,60.24,49.57,65.17
standard_benchmark,Metric3DV2Calib-vit_small,100,calib,79.93,49.57,72.48
standard_benchmark,Metric3DV2Calib-vit_small,100,calib_ro,67.05,49.57,65.77
standard_benchmark,Metric3DV2Calib-vit_small,100,calib_shift,79.64,49.57,71.92
standard_benchmark,Metric3DV2Calib-vit_small,100,calib_shift_ro,63.91,49.57,67.63
standard_benchmark,Metric3DV2Calib-vit_small,500,calib,80.96,49.57,73.27
standard_benchmark,Metric3DV2Calib-vit_small,500,calib_ro,67.4,49.57,65.82
standard_benchmark,Metric3DV2Calib-vit_small,500,calib_shift,81.52,49.57,72.91
standard_benchmark,Metric3DV2Calib-vit_small,500,calib_shift_ro,64.41,49.57,67.9
standard_benchmark,Metric3DV2Calib-vit_small,1000,calib,81.24,49.57,73.47
standard_benchmark,Metric3DV2Calib-vit_small,1000,calib_ro,67.44,49.57,65.83
standard_benchmark,Metric3DV2Calib-vit_small,1000,calib_shift,81.9,49.57,73.13
standard_benchmark,Metric3DV2Calib-vit_small,1000,calib_shift_ro,64.58,49.57,67.94
standard_benchmark,MoGeV1-moge-vitl,10,calib,79.74,90.45,71.12
standard_benchmark,MoGeV1-moge-vitl,10,calib_ro,72.82,90.45,71.84
standard_benchmark,MoGeV1-moge-vitl,10,calib_shift,76.81,90.45,69.05
standard_benchmark,MoGeV1-moge-vitl,10,calib_shift_ro,69.12,90.45,71.72
standard_benchmark,MoGeV1-moge-vitl,10,mdecalib,59.52,90.45,65.84
standard_benchmark,MoGeV1-moge-vitl,10,mdecalib_ro,55.66,90.45,70.15
standard_benchmark,MoGeV1-moge-vitl,10,mdecalib_shift,57.42,90.45,64.69
standard_benchmark,MoGeV1-moge-vitl,10,mdecalib_shift_ro,53.66,90.45,70.76
standard_benchmark,MoGeV1-moge-vitl,10,sf,70.95,90.45,69.55
standard_benchmark,MoGeV1-moge-vitl,10,sf_ro,65.02,90.45,77.0
standard_benchmark,MoGeV1-moge-vitl,10,sf_shift,36.09,90.45,40.12
standard_benchmark,MoGeV1-moge-vitl,10,sf_shift_ro,40.43,90.45,53.98
standard_benchmark,MoGeV1-moge-vitl,100,calib,82.55,90.45,73.07
standard_benchmark,MoGeV1-moge-vitl,100,calib_ro,73.69,90.45,72.34
standard_benchmark,MoGeV1-moge-vitl,100,calib_shift,81.84,90.45,72.62
standard_benchmark,MoGeV1-moge-vitl,100,calib_shift_ro,71.1,90.45,73.54
standard_benchmark,MoGeV1-moge-vitl,100,mdecalib,61.78,90.45,68.16
standard_benchmark,MoGeV1-moge-vitl,100,mdecalib_ro,56.33,90.45,70.7
standard_benchmark,MoGeV1-moge-vitl,100,mdecalib_shift,61.18,90.45,68.45
standard_benchmark,MoGeV1-moge-vitl,100,mdecalib_shift_ro,55.19,90.45,72.58
standard_benchmark,MoGeV1-moge-vitl,100,sf,75.32,90.45,72.93
standard_benchmark,MoGeV1-moge-vitl,100,sf_ro,66.58,90.45,78.34
standard_benchmark,MoGeV1-moge-vitl,100,sf_shift,53.36,90.45,59.73
standard_benchmark,MoGeV1-moge-vitl,100,sf_shift_ro,51.13,90.45,69.44
standard_benchmark,MoGeV1-moge-vitl,500,calib,83.09,90.45,73.54
standard_benchmark,MoGeV1-moge-vitl,500,calib_ro,73.87,90.45,72.39
standard_benchmark,MoGeV1-moge-vitl,500,calib_shift,82.96,90.45,73.2
standard_benchmark,MoGeV1-moge-vitl,500,calib_shift_ro,71.35,90.45,73.68
standard_benchmark,MoGeV1-moge-vitl,500,mdecalib,62.28,90.45,69.03
standard_benchmark,MoGeV1-moge-vitl,500,mdecalib_ro,56.46,90.45,70.78
standard_benchmark,MoGeV1-moge-vitl,500,mdecalib_shift,61.94,90.45,69.2
standard_benchmark,MoGeV1-moge-vitl,500,mdecalib_shift_ro,55.35,90.45,72.72
standard_benchmark,MoGeV1-moge-vitl,500,sf,76.15,90.45,73.54
standard_benchmark,MoGeV1-moge-vitl,500,sf_ro,66.65,90.45,78.46
standard_benchmark,MoGeV1-moge-vitl,500,sf_shift,61.18,90.45,66.44
standard_benchmark,MoGeV1-moge-vitl,500,sf_shift_ro,54.68,90.45,73.0
standard_benchmark,MoGeV1-moge-vitl,1000,calib,83.3,90.45,73.67
standard_benchmark,MoGeV1-moge-vitl,1000,calib_ro,73.89,90.45,72.4
standard_benchmark,MoGeV1-moge-vitl,1000,calib_shift,83.22,90.45,73.34
standard_benchmark,MoGeV1-moge-vitl,1000,calib_shift_ro,71.34,90.45,73.74
standard_benchmark,MoGeV1-moge-vitl,1000,mdecalib,62.44,90.45,69.32
standard_benchmark,MoGeV1-moge-vitl,1000,mdecalib_ro,56.47,90.45,70.78
standard_benchmark,MoGeV1-moge-vitl,1000,mdecalib_shift,62.16,90.45,69.4
standard_benchmark,MoGeV1-moge-vitl,1000,mdecalib_shift_ro,55.39,90.45,72.75
standard_benchmark,MoGeV1-moge-vitl,1000,sf,76.33,90.45,73.71
standard_benchmark,MoGeV1-moge-vitl,1000,sf_ro,66.64,90.45,78.49
standard_benchmark,MoGeV1-moge-vitl,1000,sf_shift,63.39,90.45,68.19
standard_benchmark,MoGeV1-moge-vitl,1000,sf_shift_ro,55.83,90.45,73.94
standard_benchmark,MoGeV1Calib-moge-vitl,10,calib,79.79,88.31,71.24
standard_benchmark,MoGeV1Calib-moge-vitl,10,calib_ro,72.6,88.31,71.69
standard_benchmark,MoGeV1Calib-moge-vitl,10,calib_shift,76.76,88.31,69.06
standard_benchmark,MoGeV1Calib-moge-vitl,10,calib_shift_ro,69.12,88.31,71.72
standard_benchmark,MoGeV1Calib-moge-vitl,100,calib,82.63,88.31,73.09
standard_benchmark,MoGeV1Calib-moge-vitl,100,calib_ro,73.43,88.31,72.19
standard_benchmark,MoGeV1Calib-moge-vitl,100,calib_shift,81.82,88.31,72.62
standard_benchmark,MoGeV1Calib-moge-vitl,100,calib_shift_ro,71.1,88.31,73.55
standard_benchmark,MoGeV1Calib-moge-vitl,500,calib,83.2,88.31,73.56
standard_benchmark,MoGeV1Calib-moge-vitl,500,calib_ro,73.56,88.31,72.25
standard_benchmark,MoGeV1Calib-moge-vitl,500,calib_shift,82.93,88.31,73.22
standard_benchmark,MoGeV1Calib-moge-vitl,500,calib_shift_ro,71.35,88.31,73.69
standard_benchmark,MoGeV1Calib-moge-vitl,1000,calib,83.34,88.31,73.68
standard_benchmark,MoGeV1Calib-moge-vitl,1000,calib_ro,73.6,88.31,72.25
standard_benchmark,MoGeV1Calib-moge-vitl,1000,calib_shift,83.23,88.31,73.35
standard_benchmark,MoGeV1Calib-moge-vitl,1000,calib_shift_ro,71.34,88.31,73.72
standard_benchmark,MoGeV2-moge-2-vitl,10,calib,80.19,66.99,71.19
standard_benchmark,MoGeV2-moge-2-vitl,10,calib_ro,73.56,66.99,72.22
standard_benchmark,MoGeV2-moge-2-vitl,10,calib_shift,77.05,66.99,69.08
standard_benchmark,MoGeV2-moge-2-vitl,10,calib_shift_ro,70.03,66.99,72.37
standard_benchmark,MoGeV2-moge-2-vitl,10,mdecalib,60.89,66.99,66.18
standard_benchmark,MoGeV2-moge-2-vitl,10,mdecalib_ro,56.69,66.99,70.68
standard_benchmark,MoGeV2-moge-2-vitl,10,mdecalib_shift,58.82,66.99,64.9
standard_benchmark,MoGeV2-moge-2-vitl,10,mdecalib_shift_ro,54.79,66.99,71.51
standard_benchmark,MoGeV2-moge-2-vitl,10,sf,71.79,66.99,69.6
standard_benchmark,MoGeV2-moge-2-vitl,10,sf_ro,65.74,66.99,77.43
standard_benchmark,MoGeV2-moge-2-vitl,10,sf_shift,35.9,66.99,39.75
standard_benchmark,MoGeV2-moge-2-vitl,10,sf_shift_ro,40.65,66.99,54.02
standard_benchmark,MoGeV2-moge-2-vitl,100,calib,82.91,66.99,73.1
standard_benchmark,MoGeV2-moge-2-vitl,100,calib_ro,74.4,66.99,72.7
standard_benchmark,MoGeV2-moge-2-vitl,100,calib_shift,82.02,66.99,72.64
standard_benchmark,MoGeV2-moge-2-vitl,100,calib_shift_ro,71.99,66.99,73.89
standard_benchmark,MoGeV2-moge-2-vitl,100,mdecalib,63.18,66.99,68.41
standard_benchmark,MoGeV2-moge-2-vitl,100,mdecalib_ro,57.44,66.99,71.22
standard_benchmark,MoGeV2-moge-2-vitl,100,mdecalib_shift,62.74,66.99,68.6
standard_benchmark,MoGeV2-moge-2-vitl,100,mdecalib_shift_ro,56.3,66.99,73.09
standard_benchmark,MoGeV2-moge-2-vitl,100,sf,75.9,66.99,72.86
standard_benchmark,MoGeV2-moge-2-vitl,100,sf_ro,67.06,66.99,78.72
standard_benchmark,MoGeV2-moge-2-vitl,100,sf_shift,53.6,66.99,59.63
standard_benchmark,MoGeV2-moge-2-vitl,100,sf_shift_ro,51.48,66.99,69.69
standard_benchmark,MoGeV2-moge-2-vitl,500,calib,83.4,66.99,73.54
standard_benchmark,MoGeV2-moge-2-vitl,500,calib_ro,74.5,66.99,72.76
standard_benchmark,MoGeV2-moge-2-vitl,500,calib_shift,83.07,66.99,73.19
standard_benchmark,MoGeV2-moge-2-vitl,500,calib_shift_ro,72.13,66.99,74.03
standard_benchmark,MoGeV2-moge-2-vitl,500,mdecalib,63.66,66.99,69.23
standard_benchmark,MoGeV2-moge-2-vitl,500,mdecalib_ro,57.5,66.99,71.26
standard_benchmark,MoGeV2-moge-2-vitl,500,mdecalib_shift,63.55,66.99,69.33
standard_benchmark,MoGeV2-moge-2-vitl,500,mdecalib_shift_ro,56.51,66.99,73.24
standard_benchmark,MoGeV2-moge-2-vitl,500,sf,76.74,66.99,73.51
standard_benchmark,MoGeV2-moge-2-vitl,500,sf_ro,67.17,66.99,78.83
standard_benchmark,MoGeV2-moge-2-vitl,500,sf_shift,61.32,66.99,66.37
standard_benchmark,MoGeV2-moge-2-vitl,500,sf_shift_ro,55.15,66.99,73.24
standard_benchmark,MoGeV2-moge-2-vitl,1000,calib,83.5,66.99,73.69
standard_benchmark,MoGeV2-moge-2-vitl,1000,calib_ro,74.53,66.99,72.76
standard_benchmark,MoGeV2-moge-2-vitl,1000,calib_shift,83.29,66.99,73.34
standard_benchmark,MoGeV2-moge-2-vitl,1000,calib_shift_ro,72.14,66.99,74.06
standard_benchmark,MoGeV2-moge-2-vitl,1000,mdecalib,63.8,66.99,69.48
standard_benchmark,MoGeV2-moge-2-vitl,1000,mdecalib_ro,57.52,66.99,71.26
standard_benchmark,MoGeV2-moge-2-vitl,1000,mdecalib_shift,63.71,66.99,69.52
standard_benchmark,MoGeV2-moge-2-vitl,1000,mdecalib_shift_ro,56.44,66.99,73.26
standard_benchmark,MoGeV2-moge-2-vitl,1000,sf,76.95,66.99,73.69
standard_benchmark,MoGeV2-moge-2-vitl,1000,sf_ro,67.18,66.99,78.86
standard_benchmark,MoGeV2-moge-2-vitl,1000,sf_shift,63.77,66.99,68.2
standard_benchmark,MoGeV2-moge-2-vitl,1000,sf_shift_ro,56.3,66.99,74.16
standard_benchmark,MoGeV2Calib-moge-2-vitl,10,calib,80.45,65.76,71.38
standard_benchmark,MoGeV2Calib-moge-2-vitl,10,calib_ro,73.35,65.76,72.01
standard_benchmark,MoGeV2Calib-moge-2-vitl,10,calib_shift,77.06,65.76,69.07
standard_benchmark,MoGeV2Calib-moge-2-vitl,10,calib_shift_ro,70.02,65.76,72.37
standard_benchmark,MoGeV2Calib-moge-2-vitl,100,calib,82.99,65.76,73.21
standard_benchmark,MoGeV2Calib-moge-2-vitl,100,calib_ro,74.26,65.76,72.53
standard_benchmark,MoGeV2Calib-moge-2-vitl,100,calib_shift,82.06,65.76,72.66
standard_benchmark,MoGeV2Calib-moge-2-vitl,100,calib_shift_ro,71.99,65.76,73.88
standard_benchmark,MoGeV2Calib-moge-2-vitl,500,calib,83.54,65.76,73.64
standard_benchmark,MoGeV2Calib-moge-2-vitl,500,calib_ro,74.37,65.76,72.58
standard_benchmark,MoGeV2Calib-moge-2-vitl,500,calib_shift,83.06,65.76,73.2
standard_benchmark,MoGeV2Calib-moge-2-vitl,500,calib_shift_ro,72.14,65.76,74.03
standard_benchmark,MoGeV2Calib-moge-2-vitl,1000,calib,83.69,65.76,73.76
standard_benchmark,MoGeV2Calib-moge-2-vitl,1000,calib_ro,74.41,65.76,72.58
standard_benchmark,MoGeV2Calib-moge-2-vitl,1000,calib_shift,83.34,65.76,73.36
standard_benchmark,MoGeV2Calib-moge-2-vitl,1000,calib_shift_ro,72.13,65.76,74.06
standard_benchmark,Pi3-Pi3X,10,calib,80.09,120.3,70.98
standard_benchmark,Pi3-Pi3X,10,calib_ro,73.63,120.3,71.92
standard_benchmark,Pi3-Pi3X,10,calib_shift,76.46,120.3,68.58
standard_benchmark,Pi3-Pi3X,10,calib_shift_ro,69.68,120.3,71.89
standard_benchmark,Pi3-Pi3X,10,mdecalib,59.32,120.3,65.3
standard_benchmark,Pi3-Pi3X,10,mdecalib_ro,55.6,120.3,70.02
standard_benchmark,Pi3-Pi3X,10,mdecalib_shift,57.1,120.3,63.93
standard_benchmark,Pi3-Pi3X,10,mdecalib_shift_ro,53.75,120.3,70.86
standard_benchmark,Pi3-Pi3X,10,sf,71.36,120.3,68.78
standard_benchmark,Pi3-Pi3X,10,sf_ro,65.41,120.3,76.79
standard_benchmark,Pi3-Pi3X,10,sf_shift,35.68,120.3,39.66
standard_benchmark,Pi3-Pi3X,10,sf_shift_ro,40.9,120.3,54.09
standard_benchmark,Pi3-Pi3X,100,calib,83.04,120.3,73.09
standard_benchmark,Pi3-Pi3X,100,calib_ro,74.52,120.3,72.46
standard_benchmark,Pi3-Pi3X,100,calib_shift,81.84,120.3,72.42
standard_benchmark,Pi3-Pi3X,100,calib_shift_ro,71.87,120.3,73.64
standard_benchmark,Pi3-Pi3X,100,mdecalib,61.6,120.3,67.92
standard_benchmark,Pi3-Pi3X,100,mdecalib_ro,56.32,120.3,70.63
standard_benchmark,Pi3-Pi3X,100,mdecalib_shift,61.34,120.3,67.89
standard_benchmark,Pi3-Pi3X,100,mdecalib_shift_ro,55.43,120.3,72.61
standard_benchmark,Pi3-Pi3X,100,sf,75.76,120.3,72.66
standard_benchmark,Pi3-Pi3X,100,sf_ro,67.19,120.3,78.54
standard_benchmark,Pi3-Pi3X,100,sf_shift,53.46,120.3,59.78
standard_benchmark,Pi3-Pi3X,100,sf_shift_ro,51.65,120.3,69.68
standard_benchmark,Pi3-Pi3X,500,calib,83.64,120.3,73.58
standard_benchmark,Pi3-Pi3X,500,calib_ro,74.57,120.3,72.49
standard_benchmark,Pi3-Pi3X,500,calib_shift,83.0,120.3,73.08
standard_benchmark,Pi3-Pi3X,500,calib_shift_ro,72.06,120.3,73.79
standard_benchmark,Pi3-Pi3X,500,mdecalib,62.25,120.3,68.85
standard_benchmark,Pi3-Pi3X,500,mdecalib_ro,56.36,120.3,70.68
standard_benchmark,Pi3-Pi3X,500,mdecalib_shift,62.12,120.3,68.75
standard_benchmark,Pi3-Pi3X,500,mdecalib_shift_ro,55.62,120.3,72.8
standard_benchmark,Pi3-Pi3X,500,sf,76.8,120.3,73.42
standard_benchmark,Pi3-Pi3X,500,sf_ro,67.27,120.3,78.66
standard_benchmark,Pi3-Pi3X,500,sf_shift,61.3,120.3,66.22
standard_benchmark,Pi3-Pi3X,500,sf_shift_ro,55.22,120.3,73.16
standard_benchmark,Pi3-Pi3X,1000,calib,83.76,120.3,73.7
standard_benchmark,Pi3-Pi3X,1000,calib_ro,74.6,120.3,72.5
standard_benchmark,Pi3-Pi3X,1000,calib_shift,83.14,120.3,73.24
standard_benchmark,Pi3-Pi3X,1000,calib_shift_ro,72.07,120.3,73.81
standard_benchmark,Pi3-Pi3X,1000,mdecalib,62.4,120.3,69.13
standard_benchmark,Pi3-Pi3X,1000,mdecalib_ro,56.38,120.3,70.68
standard_benchmark,Pi3-Pi3X,1000,mdecalib_shift,62.36,120.3,68.97
standard_benchmark,Pi3-Pi3X,1000,mdecalib_shift_ro,55.57,120.3,72.83
standard_benchmark,Pi3-Pi3X,1000,sf,77.08,120.3,73.63
standard_benchmark,Pi3-Pi3X,1000,sf_ro,67.28,120.3,78.68
standard_benchmark,Pi3-Pi3X,1000,sf_shift,63.66,120.3,68.02
standard_benchmark,Pi3-Pi3X,1000,sf_shift_ro,56.38,120.3,74.11
standard_benchmark,Pi3Calib-Pi3X,10,calib,80.32,123.08,71.09
standard_benchmark,Pi3Calib-Pi3X,10,calib_ro,73.86,123.08,72.05
standard_benchmark,Pi3Calib-Pi3X,10,calib_shift,76.55,123.08,68.72
standard_benchmark,Pi3Calib-Pi3X,10,calib_shift_ro,69.68,123.08,71.95
standard_benchmark,Pi3Calib-Pi3X,100,calib,83.25,123.08,73.13
standard_benchmark,Pi3Calib-Pi3X,100,calib_ro,74.81,123.08,72.6
standard_benchmark,Pi3Calib-Pi3X,100,calib_shift,81.89,123.08,72.49
standard_benchmark,Pi3Calib-Pi3X,100,calib_shift_ro,72.05,123.08,73.71
standard_benchmark,Pi3Calib-Pi3X,500,calib,83.83,123.08,73.58
standard_benchmark,Pi3Calib-Pi3X,500,calib_ro,74.92,123.08,72.65
standard_benchmark,Pi3Calib-Pi3X,500,calib_shift,82.97,123.08,73.12
standard_benchmark,Pi3Calib-Pi3X,500,calib_shift_ro,72.24,123.08,73.87
standard_benchmark,Pi3Calib-Pi3X,1000,calib,83.9,123.08,73.7
standard_benchmark,Pi3Calib-Pi3X,1000,calib_ro,74.94,123.08,72.65
standard_benchmark,Pi3Calib-Pi3X,1000,calib_shift,83.2,123.08,73.26
standard_benchmark,Pi3Calib-Pi3X,1000,calib_shift_ro,72.18,123.08,73.9
standard_benchmark,UniDepth1-cnvnxtl,10,calib,74.86,74.5,69.62
standard_benchmark,UniDepth1-cnvnxtl,10,calib_ro,61.54,74.5,64.6
standard_benchmark,UniDepth1-cnvnxtl,10,calib_shift,70.85,74.5,66.08
standard_benchmark,UniDepth1-cnvnxtl,10,calib_shift_ro,57.6,74.5,65.3
standard_benchmark,UniDepth1-cnvnxtl,10,mdecalib,32.46,74.5,53.43
standard_benchmark,UniDepth1-cnvnxtl,10,mdecalib_ro,29.54,74.5,56.12
standard_benchmark,UniDepth1-cnvnxtl,10,mdecalib_shift,30.61,74.5,50.55
standard_benchmark,UniDepth1-cnvnxtl,10,mdecalib_shift_ro,27.08,74.5,57.7
standard_benchmark,UniDepth1-cnvnxtl,10,sf,61.98,74.5,66.0
standard_benchmark,UniDepth1-cnvnxtl,10,sf_ro,50.66,74.5,71.04
standard_benchmark,UniDepth1-cnvnxtl,10,sf_shift,32.66,74.5,38.52
standard_benchmark,UniDepth1-cnvnxtl,10,sf_shift_ro,33.11,74.5,51.84
standard_benchmark,UniDepth1-cnvnxtl,100,calib,79.02,74.5,72.57
standard_benchmark,UniDepth1-cnvnxtl,100,calib_ro,63.02,74.5,65.33
standard_benchmark,UniDepth1-cnvnxtl,100,calib_shift,78.38,74.5,71.68
standard_benchmark,UniDepth1-cnvnxtl,100,calib_shift_ro,60.53,74.5,67.66
standard_benchmark,UniDepth1-cnvnxtl,100,mdecalib,33.61,74.5,58.41
standard_benchmark,UniDepth1-cnvnxtl,100,mdecalib_ro,30.05,74.5,57.21
standard_benchmark,UniDepth1-cnvnxtl,100,mdecalib_shift,33.14,74.5,58.06
standard_benchmark,UniDepth1-cnvnxtl,100,mdecalib_shift_ro,28.1,74.5,61.11
standard_benchmark,UniDepth1-cnvnxtl,100,sf,68.1,74.5,71.82
standard_benchmark,UniDepth1-cnvnxtl,100,sf_ro,53.34,74.5,73.69
standard_benchmark,UniDepth1-cnvnxtl,100,sf_shift,48.54,74.5,58.83
standard_benchmark,UniDepth1-cnvnxtl,100,sf_shift_ro,41.06,74.5,66.86
standard_benchmark,UniDepth1-cnvnxtl,500,calib,80.21,74.5,73.27
standard_benchmark,UniDepth1-cnvnxtl,500,calib_ro,63.31,74.5,65.36
standard_benchmark,UniDepth1-cnvnxtl,500,calib_shift,80.2,74.5,72.74
standard_benchmark,UniDepth1-cnvnxtl,500,calib_shift_ro,60.95,74.5,67.92
standard_benchmark,UniDepth1-cnvnxtl,500,mdecalib,33.77,74.5,60.75
standard_benchmark,UniDepth1-cnvnxtl,500,mdecalib_ro,30.16,74.5,57.33
standard_benchmark,UniDepth1-cnvnxtl,500,mdecalib_shift,33.28,74.5,60.58
standard_benchmark,UniDepth1-cnvnxtl,500,mdecalib_shift_ro,28.16,74.5,61.58
standard_benchmark,UniDepth1-cnvnxtl,500,sf,69.77,74.5,72.95
standard_benchmark,UniDepth1-cnvnxtl,500,sf_ro,53.49,74.5,73.96
standard_benchmark,UniDepth1-cnvnxtl,500,sf_shift,56.36,74.5,65.64
standard_benchmark,UniDepth1-cnvnxtl,500,sf_shift_ro,43.6,74.5,70.0
standard_benchmark,UniDepth1-cnvnxtl,1000,calib,80.53,74.5,73.45
standard_benchmark,UniDepth1-cnvnxtl,1000,calib_ro,63.36,74.5,65.37
standard_benchmark,UniDepth1-cnvnxtl,1000,calib_shift,80.7,74.5,72.99
standard_benchmark,UniDepth1-cnvnxtl,1000,calib_shift_ro,61.08,74.5,67.97
standard_benchmark,UniDepth1-cnvnxtl,1000,mdecalib,33.8,74.5,61.6
standard_benchmark,UniDepth1-cnvnxtl,1000,mdecalib_ro,30.17,74.5,57.34
standard_benchmark,UniDepth1-cnvnxtl,1000,mdecalib_shift,33.33,74.5,61.4
standard_benchmark,UniDepth1-cnvnxtl,1000,mdecalib_shift_ro,28.19,74.5,61.66
standard_benchmark,UniDepth1-cnvnxtl,1000,sf,70.15,74.5,73.26
standard_benchmark,UniDepth1-cnvnxtl,1000,sf_ro,53.48,74.5,74.01
standard_benchmark,UniDepth1-cnvnxtl,1000,sf_shift,58.78,74.5,67.54
standard_benchmark,UniDepth1-cnvnxtl,1000,sf_shift_ro,44.38,74.5,70.82
standard_benchmark,UniDepth1-vitl14,10,calib,76.39,123.94,70.2
standard_benchmark,UniDepth1-vitl14,10,calib_ro,66.76,123.94,67.56
standard_benchmark,UniDepth1-vitl14,10,calib_shift,73.23,123.94,67.45
standard_benchmark,UniDepth1-vitl14,10,calib_shift_ro,62.49,123.94,67.93
standard_benchmark,UniDepth1-vitl14,10,mdecalib,31.74,123.94,53.22
standard_benchmark,UniDepth1-vitl14,10,mdecalib_ro,29.75,123.94,57.21
standard_benchmark,UniDepth1-vitl14,10,mdecalib_shift,30.42,123.94,51.7
standard_benchmark,UniDepth1-vitl14,10,mdecalib_shift_ro,26.82,123.94,59.42
standard_benchmark,UniDepth1-vitl14,10,sf,65.55,123.94,67.92
standard_benchmark,UniDepth1-vitl14,10,sf_ro,56.66,123.94,74.02
standard_benchmark,UniDepth1-vitl14,10,sf_shift,34.5,123.94,39.49
standard_benchmark,UniDepth1-vitl14,10,sf_shift_ro,36.56,123.94,53.01
standard_benchmark,UniDepth1-vitl14,100,calib,79.96,123.94,72.67
standard_benchmark,UniDepth1-vitl14,100,calib_ro,67.82,123.94,68.14
standard_benchmark,UniDepth1-vitl14,100,calib_shift,79.81,123.94,72.24
standard_benchmark,UniDepth1-vitl14,100,calib_shift_ro,64.9,123.94,69.88
standard_benchmark,UniDepth1-vitl14,100,mdecalib,32.82,123.94,58.17
standard_benchmark,UniDepth1-vitl14,100,mdecalib_ro,30.1,123.94,58.26
standard_benchmark,UniDepth1-vitl14,100,mdecalib_shift,32.56,123.94,58.7
standard_benchmark,UniDepth1-vitl14,100,mdecalib_shift_ro,27.78,123.94,62.44
standard_benchmark,UniDepth1-vitl14,100,sf,70.34,123.94,72.36
standard_benchmark,UniDepth1-vitl14,100,sf_ro,58.62,123.94,75.88
standard_benchmark,UniDepth1-vitl14,100,sf_shift,51.12,123.94,59.47
standard_benchmark,UniDepth1-vitl14,100,sf_shift_ro,45.39,123.94,68.25
standard_benchmark,UniDepth1-vitl14,500,calib,80.83,123.94,73.33
standard_benchmark,UniDepth1-vitl14,500,calib_ro,67.98,123.94,68.18
standard_benchmark,UniDepth1-vitl14,500,calib_shift,81.28,123.94,72.97
standard_benchmark,UniDepth1-vitl14,500,calib_shift_ro,65.27,123.94,70.1
standard_benchmark,UniDepth1-vitl14,500,mdecalib,33.02,123.94,60.52
standard_benchmark,UniDepth1-vitl14,500,mdecalib_ro,30.18,123.94,58.4
standard_benchmark,UniDepth1-vitl14,500,mdecalib_shift,32.79,123.94,60.79
standard_benchmark,UniDepth1-vitl14,500,mdecalib_shift_ro,27.86,123.94,62.78
standard_benchmark,UniDepth1-vitl14,500,sf,71.58,123.94,73.24
standard_benchmark,UniDepth1-vitl14,500,sf_ro,58.78,123.94,76.07
standard_benchmark,UniDepth1-vitl14,500,sf_shift,58.7,123.94,66.05
standard_benchmark,UniDepth1-vitl14,500,sf_shift_ro,48.44,123.94,71.51
standard_benchmark,UniDepth1-vitl14,1000,calib,81.09,123.94,73.52
standard_benchmark,UniDepth1-vitl14,1000,calib_ro,68.07,123.94,68.19
standard_benchmark,UniDepth1-vitl14,1000,calib_shift,81.68,123.94,73.15
standard_benchmark,UniDepth1-vitl14,1000,calib_shift_ro,65.31,123.94,70.12
standard_benchmark,UniDepth1-vitl14,1000,mdecalib,33.06,123.94,61.33
standard_benchmark,UniDepth1-vitl14,1000,mdecalib_ro,30.19,123.94,58.42
standard_benchmark,UniDepth1-vitl14,1000,mdecalib_shift,32.89,123.94,61.48
standard_benchmark,UniDepth1-vitl14,1000,mdecalib_shift_ro,27.87,123.94,62.86
standard_benchmark,UniDepth1-vitl14,1000,sf,71.91,123.94,73.46
standard_benchmark,UniDepth1-vitl14,1000,sf_ro,58.79,123.94,76.09
standard_benchmark,UniDepth1-vitl14,1000,sf_shift,61.18,123.94,67.98
standard_benchmark,UniDepth1-vitl14,1000,sf_shift_ro,49.5,123.94,72.42
standard_benchmark,UniDepth1Calib-cnvnxtl,10,calib,74.91,73.11,69.64
standard_benchmark,UniDepth1Calib-cnvnxtl,10,calib_ro,61.66,73.11,64.3
standard_benchmark,UniDepth1Calib-cnvnxtl,10,calib_shift,70.75,73.11,65.98
standard_benchmark,UniDepth1Calib-cnvnxtl,10,calib_shift_ro,57.36,73.11,65.12
standard_benchmark,UniDepth1Calib-cnvnxtl,100,calib,79.0,73.11,72.54
standard_benchmark,UniDepth1Calib-cnvnxtl,100,calib_ro,63.0,73.11,64.99
standard_benchmark,UniDepth1Calib-cnvnxtl,100,calib_shift,78.23,73.11,71.76
standard_benchmark,UniDepth1Calib-cnvnxtl,100,calib_shift_ro,60.24,73.11,67.49
standard_benchmark,UniDepth1Calib-cnvnxtl,500,calib,80.31,73.11,73.27
standard_benchmark,UniDepth1Calib-cnvnxtl,500,calib_ro,63.28,73.11,65.04
standard_benchmark,UniDepth1Calib-cnvnxtl,500,calib_shift,80.3,73.11,72.76
standard_benchmark,UniDepth1Calib-cnvnxtl,500,calib_shift_ro,60.83,73.11,67.75
standard_benchmark,UniDepth1Calib-cnvnxtl,1000,calib,80.6,73.11,73.46
standard_benchmark,UniDepth1Calib-cnvnxtl,1000,calib_ro,63.36,73.11,65.03
standard_benchmark,UniDepth1Calib-cnvnxtl,1000,calib_shift,80.86,73.11,73.0
standard_benchmark,UniDepth1Calib-cnvnxtl,1000,calib_shift_ro,60.96,73.11,67.78
standard_benchmark,UniDepth1Calib-vitl14,10,calib,76.61,122.39,70.25
standard_benchmark,UniDepth1Calib-vitl14,10,calib_ro,66.97,122.39,67.48
standard_benchmark,UniDepth1Calib-vitl14,10,calib_shift,73.18,122.39,67.41
standard_benchmark,UniDepth1Calib-vitl14,10,calib_shift_ro,62.26,122.39,67.88
standard_benchmark,UniDepth1Calib-vitl14,100,calib,80.18,122.39,72.71
standard_benchmark,UniDepth1Calib-vitl14,100,calib_ro,68.06,122.39,68.1
standard_benchmark,UniDepth1Calib-vitl14,100,calib_shift,79.7,122.39,72.2
standard_benchmark,UniDepth1Calib-vitl14,100,calib_shift_ro,64.83,122.39,69.89
standard_benchmark,UniDepth1Calib-vitl14,500,calib,80.98,122.39,73.36
standard_benchmark,UniDepth1Calib-vitl14,500,calib_ro,68.29,122.39,68.14
standard_benchmark,UniDepth1Calib-vitl14,500,calib_shift,81.24,122.39,72.98
standard_benchmark,UniDepth1Calib-vitl14,500,calib_shift_ro,65.22,122.39,70.11
standard_benchmark,UniDepth1Calib-vitl14,1000,calib,81.19,122.39,73.53
standard_benchmark,UniDepth1Calib-vitl14,1000,calib_ro,68.34,122.39,68.15
standard_benchmark,UniDepth1Calib-vitl14,1000,calib_shift,81.64,122.39,73.17
standard_benchmark,UniDepth1Calib-vitl14,1000,calib_shift_ro,65.28,122.39,70.14
standard_benchmark,UniDepth2-vitb14,10,calib,79.39,32.6,71.01
standard_benchmark,UniDepth2-vitb14,10,calib_ro,71.14,32.6,70.48
standard_benchmark,UniDepth2-vitb14,10,calib_shift,76.09,32.6,68.53
standard_benchmark,UniDepth2-vitb14,10,calib_shift_ro,67.14,32.6,70.49
standard_benchmark,UniDepth2-vitb14,10,mdecalib,49.72,32.6,61.92
standard_benchmark,UniDepth2-vitb14,10,mdecalib_ro,46.17,32.6,65.99
standard_benchmark,UniDepth2-vitb14,10,mdecalib_shift,48.23,32.6,60.33
standard_benchmark,UniDepth2-vitb14,10,mdecalib_shift_ro,44.92,32.6,67.63
standard_benchmark,UniDepth2-vitb14,10,sf,69.63,32.6,68.83
standard_benchmark,UniDepth2-vitb14,10,sf_ro,62.23,32.6,75.92
standard_benchmark,UniDepth2-vitb14,10,sf_shift,35.28,32.6,39.64
standard_benchmark,UniDepth2-vitb14,10,sf_shift_ro,38.3,32.6,53.53
standard_benchmark,UniDepth2-vitb14,100,calib,82.31,32.6,73.02
standard_benchmark,UniDepth2-vitb14,100,calib_ro,72.09,32.6,71.03
standard_benchmark,UniDepth2-vitb14,100,calib_shift,81.45,32.6,72.51
standard_benchmark,UniDepth2-vitb14,100,calib_shift_ro,69.66,32.6,72.42
standard_benchmark,UniDepth2-vitb14,100,mdecalib,51.63,32.6,64.92
standard_benchmark,UniDepth2-vitb14,100,mdecalib_ro,46.94,32.6,66.71
standard_benchmark,UniDepth2-vitb14,100,mdecalib_shift,51.75,32.6,65.11
standard_benchmark,UniDepth2-vitb14,100,mdecalib_shift_ro,46.65,32.6,69.86
standard_benchmark,UniDepth2-vitb14,100,sf,74.4,32.6,72.67
standard_benchmark,UniDepth2-vitb14,100,sf_ro,63.91,32.6,77.51
standard_benchmark,UniDepth2-vitb14,100,sf_shift,52.3,32.6,59.45
standard_benchmark,UniDepth2-vitb14,100,sf_shift_ro,48.55,32.6,68.66
standard_benchmark,UniDepth2-vitb14,500,calib,82.94,32.6,73.52
standard_benchmark,UniDepth2-vitb14,500,calib_ro,72.24,32.6,71.08
standard_benchmark,UniDepth2-vitb14,500,calib_shift,82.56,32.6,73.12
standard_benchmark,UniDepth2-vitb14,500,calib_shift_ro,69.99,32.6,72.6
standard_benchmark,UniDepth2-vitb14,500,mdecalib,52.11,32.6,66.11
standard_benchmark,UniDepth2-vitb14,500,mdecalib_ro,47.1,32.6,66.8
standard_benchmark,UniDepth2-vitb14,500,mdecalib_shift,52.14,32.6,66.18
standard_benchmark,UniDepth2-vitb14,500,mdecalib_shift_ro,46.71,32.6,70.07
standard_benchmark,UniDepth2-vitb14,500,sf,75.43,32.6,73.41
standard_benchmark,UniDepth2-vitb14,500,sf_ro,64.11,32.6,77.68
standard_benchmark,UniDepth2-vitb14,500,sf_shift,59.97,32.6,66.14
standard_benchmark,UniDepth2-vitb14,500,sf_shift_ro,51.99,32.6,72.22
standard_benchmark,UniDepth2-vitb14,1000,calib,83.03,32.6,73.66
standard_benchmark,UniDepth2-vitb14,1000,calib_ro,72.26,32.6,71.08
standard_benchmark,UniDepth2-vitb14,1000,calib_shift,82.86,32.6,73.26
standard_benchmark,UniDepth2-vitb14,1000,calib_shift_ro,70.04,32.6,72.62
standard_benchmark,UniDepth2-vitb14,1000,mdecalib,52.19,32.6,66.48
standard_benchmark,UniDepth2-vitb14,1000,mdecalib_ro,47.1,32.6,66.81
standard_benchmark,UniDepth2-vitb14,1000,mdecalib_shift,52.29,32.6,66.5
standard_benchmark,UniDepth2-vitb14,1000,mdecalib_shift_ro,46.73,32.6,70.1
standard_benchmark,UniDepth2-vitb14,1000,sf,75.74,32.6,73.6
standard_benchmark,UniDepth2-vitb14,1000,sf_ro,64.11,32.6,77.71
standard_benchmark,UniDepth2-vitb14,1000,sf_shift,62.47,32.6,67.96
standard_benchmark,UniDepth2-vitb14,1000,sf_shift_ro,53.18,32.6,73.18
standard_benchmark,UniDepth2-vitl14,10,calib,80.31,41.47,71.22
standard_benchmark,UniDepth2-vitl14,10,calib_ro,73.36,41.47,72.34
standard_benchmark,UniDepth2-vitl14,10,calib_shift,77.26,41.47,69.15
standard_benchmark,UniDepth2-vitl14,10,calib_shift_ro,69.98,41.47,72.41
standard_benchmark,UniDepth2-vitl14,10,mdecalib,56.14,41.47,63.46
standard_benchmark,UniDepth2-vitl14,10,mdecalib_ro,52.92,41.47,68.68
standard_benchmark,UniDepth2-vitl14,10,mdecalib_shift,54.47,41.47,62.46
standard_benchmark,UniDepth2-vitl14,10,mdecalib_shift_ro,51.47,41.47,70.24
standard_benchmark,UniDepth2-vitl14,10,sf,71.5,41.47,69.27
standard_benchmark,UniDepth2-vitl14,10,sf_ro,65.58,41.47,77.16
standard_benchmark,UniDepth2-vitl14,10,sf_shift,35.98,41.47,39.58
standard_benchmark,UniDepth2-vitl14,10,sf_shift_ro,39.78,41.47,53.75
standard_benchmark,UniDepth2-vitl14,100,calib,83.01,41.47,73.13
standard_benchmark,UniDepth2-vitl14,100,calib_ro,74.3,41.47,72.83
standard_benchmark,UniDepth2-vitl14,100,calib_shift,82.14,41.47,72.59
standard_benchmark,UniDepth2-vitl14,100,calib_shift_ro,72.22,41.47,74.01
standard_benchmark,UniDepth2-vitl14,100,mdecalib,58.02,41.47,66.12
standard_benchmark,UniDepth2-vitl14,100,mdecalib_ro,53.64,41.47,69.32
standard_benchmark,UniDepth2-vitl14,100,mdecalib_shift,57.85,41.47,66.38
standard_benchmark,UniDepth2-vitl14,100,mdecalib_shift_ro,53.17,41.47,72.06
standard_benchmark,UniDepth2-vitl14,100,sf,75.86,41.47,72.76
standard_benchmark,UniDepth2-vitl14,100,sf_ro,67.08,41.47,78.5
standard_benchmark,UniDepth2-vitl14,100,sf_shift,53.65,41.47,59.75
standard_benchmark,UniDepth2-vitl14,100,sf_shift_ro,50.94,41.47,69.15
standard_benchmark,UniDepth2-vitl14,500,calib,83.58,41.47,73.59
standard_benchmark,UniDepth2-vitl14,500,calib_ro,74.42,41.47,72.88
standard_benchmark,UniDepth2-vitl14,500,calib_shift,83.2,41.47,73.15
standard_benchmark,UniDepth2-vitl14,500,calib_shift_ro,72.35,41.47,74.15
standard_benchmark,UniDepth2-vitl14,500,mdecalib,58.54,41.47,67.09
standard_benchmark,UniDepth2-vitl14,500,mdecalib_ro,53.76,41.47,69.38
standard_benchmark,UniDepth2-vitl14,500,mdecalib_shift,58.66,41.47,67.24
standard_benchmark,UniDepth2-vitl14,500,mdecalib_shift_ro,53.18,41.47,72.24
standard_benchmark,UniDepth2-vitl14,500,sf,76.77,41.47,73.44
standard_benchmark,UniDepth2-vitl14,500,sf_ro,67.16,41.47,78.62
standard_benchmark,UniDepth2-vitl14,500,sf_shift,61.21,41.47,66.23
standard_benchmark,UniDepth2-vitl14,500,sf_shift_ro,54.72,41.47,72.68
standard_benchmark,UniDepth2-vitl14,1000,calib,83.62,41.47,73.71
standard_benchmark,UniDepth2-vitl14,1000,calib_ro,74.43,41.47,72.88
standard_benchmark,UniDepth2-vitl14,1000,calib_shift,83.48,41.47,73.3
standard_benchmark,UniDepth2-vitl14,1000,calib_shift_ro,72.32,41.47,74.18
standard_benchmark,UniDepth2-vitl14,1000,mdecalib,58.57,41.47,67.39
standard_benchmark,UniDepth2-vitl14,1000,mdecalib_ro,53.8,41.47,69.39
standard_benchmark,UniDepth2-vitl14,1000,mdecalib_shift,58.72,41.47,67.5
standard_benchmark,UniDepth2-vitl14,1000,mdecalib_shift_ro,53.19,41.47,72.26
standard_benchmark,UniDepth2-vitl14,1000,sf,76.96,41.47,73.64
standard_benchmark,UniDepth2-vitl14,1000,sf_ro,67.13,41.47,78.65
standard_benchmark,UniDepth2-vitl14,1000,sf_shift,63.7,41.47,68.05
standard_benchmark,UniDepth2-vitl14,1000,sf_shift_ro,55.99,41.47,73.66
standard_benchmark,UniDepth2-vits14,10,calib,76.71,21.63,70.04
standard_benchmark,UniDepth2-vits14,10,calib_ro,66.05,21.63,67.22
standard_benchmark,UniDepth2-vits14,10,calib_shift,73.46,21.63,67.23
standard_benchmark,UniDepth2-vits14,10,calib_shift_ro,62.23,21.63,67.71
standard_benchmark,UniDepth2-vits14,10,mdecalib,41.94,21.63,57.67
standard_benchmark,UniDepth2-vits14,10,mdecalib_ro,38.54,21.63,60.9
standard_benchmark,UniDepth2-vits14,10,mdecalib_shift,39.82,21.63,56.19
standard_benchmark,UniDepth2-vits14,10,mdecalib_shift_ro,36.52,21.63,63.35
standard_benchmark,UniDepth2-vits14,10,sf,65.62,21.63,67.34
standard_benchmark,UniDepth2-vits14,10,sf_ro,56.2,21.63,73.38
standard_benchmark,UniDepth2-vits14,10,sf_shift,34.06,21.63,38.9
standard_benchmark,UniDepth2-vits14,10,sf_shift_ro,35.5,21.63,52.18
standard_benchmark,UniDepth2-vits14,100,calib,80.42,21.63,72.72
standard_benchmark,UniDepth2-vits14,100,calib_ro,67.26,21.63,67.84
standard_benchmark,UniDepth2-vits14,100,calib_shift,80.16,21.63,72.18
standard_benchmark,UniDepth2-vits14,100,calib_shift_ro,65.44,21.63,70.0
standard_benchmark,UniDepth2-vits14,100,mdecalib,43.8,21.63,61.54
standard_benchmark,UniDepth2-vits14,100,mdecalib_ro,39.21,21.63,61.76
standard_benchmark,UniDepth2-vits14,100,mdecalib_shift,43.04,21.63,61.86
standard_benchmark,UniDepth2-vits14,100,mdecalib_shift_ro,38.42,21.63,66.03
standard_benchmark,UniDepth2-vits14,100,sf,71.1,21.63,72.16
standard_benchmark,UniDepth2-vits14,100,sf_ro,58.38,21.63,75.38
standard_benchmark,UniDepth2-vits14,100,sf_shift,50.68,21.63,59.1
standard_benchmark,UniDepth2-vits14,100,sf_shift_ro,45.1,21.63,67.62
standard_benchmark,UniDepth2-vits14,500,calib,81.39,21.63,73.42
standard_benchmark,UniDepth2-vits14,500,calib_ro,67.42,21.63,67.89
standard_benchmark,UniDepth2-vits14,500,calib_shift,81.72,21.63,72.99
standard_benchmark,UniDepth2-vits14,500,calib_shift_ro,65.96,21.63,70.24
standard_benchmark,UniDepth2-vits14,500,mdecalib,44.16,21.63,63.11
standard_benchmark,UniDepth2-vits14,500,mdecalib_ro,39.37,21.63,61.86
standard_benchmark,UniDepth2-vits14,500,mdecalib_shift,43.62,21.63,63.28
standard_benchmark,UniDepth2-vits14,500,mdecalib_shift_ro,38.72,21.63,66.36
standard_benchmark,UniDepth2-vits14,500,sf,72.52,21.63,73.16
standard_benchmark,UniDepth2-vits14,500,sf_ro,58.69,21.63,75.6
standard_benchmark,UniDepth2-vits14,500,sf_shift,58.76,21.63,66.07
standard_benchmark,UniDepth2-vits14,500,sf_shift_ro,48.45,21.63,70.89
standard_benchmark,UniDepth2-vits14,1000,calib,81.6,21.63,73.59
standard_benchmark,UniDepth2-vits14,1000,calib_ro,67.5,21.63,67.9
standard_benchmark,UniDepth2-vits14,1000,calib_shift,82.16,21.63,73.16
standard_benchmark,UniDepth2-vits14,1000,calib_shift_ro,66.0,21.63,70.28
standard_benchmark,UniDepth2-vits14,1000,mdecalib,44.22,21.63,63.65
standard_benchmark,UniDepth2-vits14,1000,mdecalib_ro,39.4,21.63,61.87
standard_benchmark,UniDepth2-vits14,1000,mdecalib_shift,43.9,21.63,63.72
standard_benchmark,UniDepth2-vits14,1000,mdecalib_shift_ro,38.78,21.63,66.4
standard_benchmark,UniDepth2-vits14,1000,sf,72.88,21.63,73.41
standard_benchmark,UniDepth2-vits14,1000,sf_ro,58.73,21.63,75.65
standard_benchmark,UniDepth2-vits14,1000,sf_shift,61.18,21.63,67.89
standard_benchmark,UniDepth2-vits14,1000,sf_shift_ro,49.24,21.63,71.74
standard_benchmark,UniDepth2Calib-vitb14,10,calib,79.5,32.67,71.06
standard_benchmark,UniDepth2Calib-vitb14,10,calib_ro,71.21,32.67,70.51
standard_benchmark,UniDepth2Calib-vitb14,10,calib_shift,75.99,32.67,68.48
standard_benchmark,UniDepth2Calib-vitb14,10,calib_shift_ro,67.08,32.67,70.61
standard_benchmark,UniDepth2Calib-vitb14,100,calib,82.38,32.67,73.02
standard_benchmark,UniDepth2Calib-vitb14,100,calib_ro,72.11,32.67,71.05
standard_benchmark,UniDepth2Calib-vitb14,100,calib_shift,81.54,32.67,72.54
standard_benchmark,UniDepth2Calib-vitb14,100,calib_shift_ro,69.88,32.67,72.55
standard_benchmark,UniDepth2Calib-vitb14,500,calib,83.01,32.67,73.52
standard_benchmark,UniDepth2Calib-vitb14,500,calib_ro,72.25,32.67,71.12
standard_benchmark,UniDepth2Calib-vitb14,500,calib_shift,82.65,32.67,73.16
standard_benchmark,UniDepth2Calib-vitb14,500,calib_shift_ro,70.09,32.67,72.72
standard_benchmark,UniDepth2Calib-vitb14,1000,calib,83.12,32.67,73.67
standard_benchmark,UniDepth2Calib-vitb14,1000,calib_ro,72.28,32.67,71.12
standard_benchmark,UniDepth2Calib-vitb14,1000,calib_shift,82.88,32.67,73.28
standard_benchmark,UniDepth2Calib-vitb14,1000,calib_shift_ro,70.12,32.67,72.75
standard_benchmark,UniDepth2Calib-vitl14,10,calib,80.28,42.63,71.23
standard_benchmark,UniDepth2Calib-vitl14,10,calib_ro,73.51,42.63,72.29
standard_benchmark,UniDepth2Calib-vitl14,10,calib_shift,77.22,42.63,69.18
standard_benchmark,UniDepth2Calib-vitl14,10,calib_shift_ro,69.98,42.63,72.35
standard_benchmark,UniDepth2Calib-vitl14,100,calib,83.04,42.63,73.13
standard_benchmark,UniDepth2Calib-vitl14,100,calib_ro,74.35,42.63,72.77
standard_benchmark,UniDepth2Calib-vitl14,100,calib_shift,82.15,42.63,72.62
standard_benchmark,UniDepth2Calib-vitl14,100,calib_shift_ro,72.2,42.63,73.96
standard_benchmark,UniDepth2Calib-vitl14,500,calib,83.56,42.63,73.6
standard_benchmark,UniDepth2Calib-vitl14,500,calib_ro,74.43,42.63,72.81
standard_benchmark,UniDepth2Calib-vitl14,500,calib_shift,83.2,42.63,73.16
standard_benchmark,UniDepth2Calib-vitl14,500,calib_shift_ro,72.35,42.63,74.12
standard_benchmark,UniDepth2Calib-vitl14,1000,calib,83.63,42.63,73.72
standard_benchmark,UniDepth2Calib-vitl14,1000,calib_ro,74.46,42.63,72.82
standard_benchmark,UniDepth2Calib-vitl14,1000,calib_shift,83.51,42.63,73.32
standard_benchmark,UniDepth2Calib-vitl14,1000,calib_shift_ro,72.35,42.63,74.13
standard_benchmark,UniDepth2Calib-vits14,10,calib,77.12,21.77,70.22
standard_benchmark,UniDepth2Calib-vits14,10,calib_ro,66.5,21.77,67.28
standard_benchmark,UniDepth2Calib-vits14,10,calib_shift,73.27,21.77,67.24
standard_benchmark,UniDepth2Calib-vits14,10,calib_shift_ro,62.22,21.77,67.68
standard_benchmark,UniDepth2Calib-vits14,100,calib,80.64,21.77,72.8
standard_benchmark,UniDepth2Calib-vits14,100,calib_ro,67.73,21.77,67.89
standard_benchmark,UniDepth2Calib-vits14,100,calib_shift,80.27,21.77,72.24
standard_benchmark,UniDepth2Calib-vits14,100,calib_shift_ro,65.53,21.77,69.99
standard_benchmark,UniDepth2Calib-vits14,500,calib,81.5,21.77,73.44
standard_benchmark,UniDepth2Calib-vits14,500,calib_ro,67.95,21.77,67.95
standard_benchmark,UniDepth2Calib-vits14,500,calib_shift,81.7,21.77,73.03
standard_benchmark,UniDepth2Calib-vits14,500,calib_shift_ro,66.11,21.77,70.21
standard_benchmark,UniDepth2Calib-vits14,1000,calib,81.69,21.77,73.6
standard_benchmark,UniDepth2Calib-vits14,1000,calib_ro,68.01,21.77,67.94
standard_benchmark,UniDepth2Calib-vits14,1000,calib_shift,82.08,21.77,73.2
standard_benchmark,UniDepth2Calib-vits14,1000,calib_shift_ro,66.23,21.77,70.25
standard_benchmark,UniK3D-vitl,10,calib,80.34,46.62,71.27
standard_benchmark,UniK3D-vitl,10,calib_ro,73.93,46.62,72.5
standard_benchmark,UniK3D-vitl,10,calib_shift,77.18,46.62,69.14
standard_benchmark,UniK3D-vitl,10,calib_shift_ro,70.15,46.62,72.44
standard_benchmark,UniK3D-vitl,10,sf,71.75,46.62,69.4
standard_benchmark,UniK3D-vitl,10,sf_ro,65.87,46.62,77.25
standard_benchmark,UniK3D-vitl,10,sf_shift,36.19,46.62,40.02
standard_benchmark,UniK3D-vitl,10,sf_shift_ro,40.11,46.62,53.96
standard_benchmark,UniK3D-vitl,100,calib,83.0,46.62,73.13
standard_benchmark,UniK3D-vitl,100,calib_ro,74.68,46.62,72.97
standard_benchmark,UniK3D-vitl,100,calib_shift,82.2,46.62,72.66
standard_benchmark,UniK3D-vitl,100,calib_shift_ro,72.56,46.62,74.06
standard_benchmark,UniK3D-vitl,100,sf,76.06,46.62,72.82
standard_benchmark,UniK3D-vitl,100,sf_ro,67.39,46.62,78.65
standard_benchmark,UniK3D-vitl,100,sf_shift,53.39,46.62,59.65
standard_benchmark,UniK3D-vitl,100,sf_shift_ro,50.84,46.62,69.09
standard_benchmark,UniK3D-vitl,500,calib,83.53,46.62,73.57
standard_benchmark,UniK3D-vitl,500,calib_ro,74.79,46.62,73.0
standard_benchmark,UniK3D-vitl,500,calib_shift,83.31,46.62,73.21
standard_benchmark,UniK3D-vitl,500,calib_shift_ro,72.8,46.62,74.22
standard_benchmark,UniK3D-vitl,500,sf,76.97,46.62,73.46
standard_benchmark,UniK3D-vitl,500,sf_ro,67.48,46.62,78.76
standard_benchmark,UniK3D-vitl,500,sf_shift,61.27,46.62,66.2
standard_benchmark,UniK3D-vitl,500,sf_shift_ro,54.74,46.62,72.74
standard_benchmark,UniK3D-vitl,1000,calib,83.6,46.62,73.69
standard_benchmark,UniK3D-vitl,1000,calib_ro,74.8,46.62,73.02
standard_benchmark,UniK3D-vitl,1000,calib_shift,83.49,46.62,73.32
standard_benchmark,UniK3D-vitl,1000,calib_shift_ro,72.83,46.62,74.23
standard_benchmark,UniK3D-vitl,1000,sf,77.16,46.62,73.63
standard_benchmark,UniK3D-vitl,1000,sf_ro,67.47,46.62,78.78
standard_benchmark,UniK3D-vitl,1000,sf_shift,63.7,46.62,67.95
standard_benchmark,UniK3D-vitl,1000,sf_shift_ro,55.99,46.62,73.71
standard_benchmark,UniK3DCalib-vitl,10,calib,80.29,50.18,71.28
standard_benchmark,UniK3DCalib-vitl,10,calib_ro,73.78,50.18,72.53
standard_benchmark,UniK3DCalib-vitl,10,calib_shift,77.16,50.18,69.07
standard_benchmark,UniK3DCalib-vitl,10,calib_shift_ro,69.97,50.18,72.42
standard_benchmark,UniK3DCalib-vitl,100,calib,82.93,50.18,73.14
standard_benchmark,UniK3DCalib-vitl,100,calib_ro,74.55,50.18,72.98
standard_benchmark,UniK3DCalib-vitl,100,calib_shift,82.12,50.18,72.66
standard_benchmark,UniK3DCalib-vitl,100,calib_shift_ro,72.45,50.18,74.08
standard_benchmark,UniK3DCalib-vitl,500,calib,83.44,50.18,73.59
standard_benchmark,UniK3DCalib-vitl,500,calib_ro,74.66,50.18,73.03
standard_benchmark,UniK3DCalib-vitl,500,calib_shift,83.21,50.18,73.18
standard_benchmark,UniK3DCalib-vitl,500,calib_shift_ro,72.6,50.18,74.24
standard_benchmark,UniK3DCalib-vitl,1000,calib,83.49,50.18,73.69
standard_benchmark,UniK3DCalib-vitl,1000,calib_ro,74.68,50.18,73.04
standard_benchmark,UniK3DCalib-vitl,1000,calib_shift,83.44,50.18,73.31
standard_benchmark,UniK3DCalib-vitl,1000,calib_shift_ro,72.66,50.18,74.26
standard_benchmark,VGGT-VGGT-1B,10,calib,75.11,94.01,69.54
standard_benchmark,VGGT-VGGT-1B,10,calib_ro,65.77,94.01,67.51
standard_benchmark,VGGT-VGGT-1B,10,calib_shift,72.25,94.01,66.8
standard_benchmark,VGGT-VGGT-1B,10,calib_shift_ro,62.24,94.01,67.7
standard_benchmark,VGGT-VGGT-1B,10,mdecalib,44.01,94.01,61.15
standard_benchmark,VGGT-VGGT-1B,10,mdecalib_ro,42.05,94.01,64.36
standard_benchmark,VGGT-VGGT-1B,10,mdecalib_shift,42.13,94.01,58.93
standard_benchmark,VGGT-VGGT-1B,10,mdecalib_shift_ro,38.99,94.01,64.94
standard_benchmark,VGGT-VGGT-1B,10,sf,64.72,94.01,66.9
standard_benchmark,VGGT-VGGT-1B,10,sf_ro,56.31,94.01,73.32
standard_benchmark,VGGT-VGGT-1B,10,sf_shift,33.62,94.01,39.2
standard_benchmark,VGGT-VGGT-1B,10,sf_shift_ro,35.92,94.01,52.17
standard_benchmark,VGGT-VGGT-1B,100,calib,79.14,94.01,72.35
standard_benchmark,VGGT-VGGT-1B,100,calib_ro,66.79,94.01,68.12
standard_benchmark,VGGT-VGGT-1B,100,calib_shift,79.16,94.01,71.76
standard_benchmark,VGGT-VGGT-1B,100,calib_shift_ro,64.84,94.01,69.83
standard_benchmark,VGGT-VGGT-1B,100,mdecalib,45.99,94.01,64.67
standard_benchmark,VGGT-VGGT-1B,100,mdecalib_ro,42.55,94.01,65.1
standard_benchmark,VGGT-VGGT-1B,100,mdecalib_shift,45.4,94.01,64.33
standard_benchmark,VGGT-VGGT-1B,100,mdecalib_shift_ro,40.35,94.01,67.38
standard_benchmark,VGGT-VGGT-1B,100,sf,69.97,94.01,71.67
standard_benchmark,VGGT-VGGT-1B,100,sf_ro,58.24,94.01,75.36
standard_benchmark,VGGT-VGGT-1B,100,sf_shift,50.29,94.01,59.08
standard_benchmark,VGGT-VGGT-1B,100,sf_shift_ro,45.22,94.01,67.6
standard_benchmark,VGGT-VGGT-1B,500,calib,80.36,94.01,73.14
standard_benchmark,VGGT-VGGT-1B,500,calib_ro,66.98,94.01,68.16
standard_benchmark,VGGT-VGGT-1B,500,calib_shift,81.18,94.01,72.77
standard_benchmark,VGGT-VGGT-1B,500,calib_shift_ro,65.29,94.01,70.04
standard_benchmark,VGGT-VGGT-1B,500,mdecalib,46.51,94.01,65.86
standard_benchmark,VGGT-VGGT-1B,500,mdecalib_ro,42.64,94.01,65.18
standard_benchmark,VGGT-VGGT-1B,500,mdecalib_shift,46.33,94.01,65.74
standard_benchmark,VGGT-VGGT-1B,500,mdecalib_shift_ro,40.5,94.01,67.62
standard_benchmark,VGGT-VGGT-1B,500,sf,71.57,94.01,72.77
standard_benchmark,VGGT-VGGT-1B,500,sf_ro,58.33,94.01,75.51
standard_benchmark,VGGT-VGGT-1B,500,sf_shift,58.25,94.01,65.83
standard_benchmark,VGGT-VGGT-1B,500,sf_shift_ro,48.55,94.01,70.96
standard_benchmark,VGGT-VGGT-1B,1000,calib,80.72,94.01,73.35
standard_benchmark,VGGT-VGGT-1B,1000,calib_ro,67.02,94.01,68.16
standard_benchmark,VGGT-VGGT-1B,1000,calib_shift,81.66,94.01,72.98
standard_benchmark,VGGT-VGGT-1B,1000,calib_shift_ro,65.44,94.01,70.06
standard_benchmark,VGGT-VGGT-1B,1000,mdecalib,46.77,94.01,66.26
standard_benchmark,VGGT-VGGT-1B,1000,mdecalib_ro,42.64,94.01,65.17
standard_benchmark,VGGT-VGGT-1B,1000,mdecalib_shift,46.52,94.01,66.09
standard_benchmark,VGGT-VGGT-1B,1000,mdecalib_shift_ro,40.55,94.01,67.67
standard_benchmark,VGGT-VGGT-1B,1000,sf,71.9,94.01,73.08
standard_benchmark,VGGT-VGGT-1B,1000,sf_ro,58.34,94.01,75.56
standard_benchmark,VGGT-VGGT-1B,1000,sf_shift,60.66,94.01,67.64
standard_benchmark,VGGT-VGGT-1B,1000,sf_shift_ro,49.6,94.01,71.84
standard_benchmark,gt,10,baseline_calib,75.83,0.0,71.13
standard_benchmark,gt,10,baseline_sf,63.91,0.0,68.95
standard_benchmark,gt,10,calib,68.15,0.0,52.0
standard_benchmark,gt,10,calib_ro,79.47,0.0,79.72
standard_benchmark,gt,10,calib_shift,74.18,0.0,54.51
standard_benchmark,gt,10,calib_shift_ro,82.66,0.0,89.99
standard_benchmark,gt,10,sf,77.08,0.0,64.48
standard_benchmark,gt,10,sf_ro,83.52,0.0,80.6
standard_benchmark,gt,10,sf_shift,38.76,0.0,38.24
standard_benchmark,gt,10,sf_shift_ro,52.74,0.0,54.32
standard_benchmark,gt,100,baseline_calib,81.41,0.0,73.5
standard_benchmark,gt,100,baseline_sf,71.72,0.0,73.29
standard_benchmark,gt,100,calib,68.61,0.0,52.42
standard_benchmark,gt,100,calib_ro,81.56,0.0,80.46
standard_benchmark,gt,100,calib_shift,74.96,0.0,56.26
standard_benchmark,gt,100,calib_shift_ro,82.4,0.0,90.29
standard_benchmark,gt,100,sf,80.65,0.0,69.01
standard_benchmark,gt,100,sf_ro,83.54,0.0,80.88
standard_benchmark,gt,100,sf_shift,60.07,0.0,59.64
standard_benchmark,gt,100,sf_shift_ro,70.59,0.0,77.72
standard_benchmark,gt,500,baseline_calib,82.62,0.0,73.85
standard_benchmark,gt,500,baseline_sf,73.61,0.0,73.9
standard_benchmark,gt,500,calib,68.54,0.0,52.56
standard_benchmark,gt,500,calib_ro,82.24,0.0,80.59
standard_benchmark,gt,500,calib_shift,75.7,0.0,58.51
standard_benchmark,gt,500,calib_shift_ro,82.29,0.0,90.31
standard_benchmark,gt,500,sf,81.29,0.0,70.76
standard_benchmark,gt,500,sf_ro,83.18,0.0,80.91
standard_benchmark,gt,500,sf_shift,67.97,0.0,66.42
standard_benchmark,gt,500,sf_shift_ro,75.4,0.0,83.06
standard_benchmark,gt,1000,baseline_calib,82.9,0.0,73.91
standard_benchmark,gt,1000,baseline_sf,74.1,0.0,74.03
standard_benchmark,gt,1000,calib,68.53,0.0,52.6
standard_benchmark,gt,1000,calib_ro,82.42,0.0,80.62
standard_benchmark,gt,1000,calib_shift,76.13,0.0,59.76
standard_benchmark,gt,1000,calib_shift_ro,82.22,0.0,90.32
standard_benchmark,gt,1000,sf,81.48,0.0,71.29
standard_benchmark,gt,1000,sf_ro,83.02,0.0,80.94
standard_benchmark,gt,1000,sf_shift,70.54,0.0,68.25
standard_benchmark,gt,1000,sf_shift_ro,76.88,0.0,84.51
